id,timestamp,sensor,action,event,pattern,activity
0,2008-11-20 07:00:01,BedRight,BedRight,ON,Other_Activity,None
1,2008-11-20 07:00:09,BedRight,BedRight,ON,Other_Activity,None
2,2008-11-20 07:00:12,BedRight,BedRight,ON,Other_Activity,None
3,2008-11-20 07:00:18,BedRight,BedRight,ON,Other_Activity,None
4,2008-11-20 07:00:59,BedRight,BedRight,ON,Other_Activity,None
5,2008-11-20 07:01:08,BedRight,BedRight,ON,Other_Activity,None
6,2008-11-20 07:01:11,BedRight,BedRight,ON,Other_Activity,None
7,2008-11-20 07:01:24,BedRight,BedRight,ON,Other_Activity,None
8,2008-11-20 07:01:31,BedRight,BedRight,ON,Other_Activity,None
9,2008-11-20 07:01:39,BedRight,BedRight,ON,Other_Activity,None
10,2008-11-20 07:01:47,BedRight,BedRight,ON,Other_Activity,None
11,2008-11-20 07:01:51,BedRight,BedRight,ON,Other_Activity,None
12,2008-11-20 07:02:02,BedRight,BedRight,ON,Other_Activity,None
13,2008-11-20 07:02:08,BedRight,BedRight,ON,Other_Activity,None
14,2008-11-20 07:02:20,BedRight,BedRight,ON,Other_Activity,None
15,2008-11-20 07:02:39,BedRight,BedRight,ON,Other_Activity,None
16,2008-11-20 07:02:52,BedRight,BedRight,ON,Other_Activity,None
17,2008-11-20 07:06:33,BedRight,BedRight,ON,Other_Activity,None
18,2008-11-20 07:09:12,BedRight,BedRight,ON,Other_Activity,None
19,2008-11-20 07:12:45,BedRight,BedRight,ON,Other_Activity,None
20,2008-11-20 07:17:31,BedRight,BedRight,ON,Other_Activity,None
21,2008-11-20 07:17:33,BedRight,BedRight,ON,Other_Activity,None
22,2008-11-20 07:17:35,BedRight,BedRight,ON,Other_Activity,None
23,2008-11-20 07:17:38,BedRight,BedRight,ON,Other_Activity,None
24,2008-11-20 07:17:40,BedRight,BedRight,ON,Other_Activity,None
25,2008-11-20 07:17:42,BedRight,BedRight,ON,Other_Activity,None
26,2008-11-20 07:17:45,BedRight,BedRight,ON,Other_Activity,None
27,2008-11-20 07:17:53,BedRight,BedRight,ON,Other_Activity,None
28,2008-11-20 07:17:56,BedRight,BedRight,ON,Other_Activity,None
29,2008-11-20 07:17:58,BedRight,BedRight,ON,Other_Activity,None
30,2008-11-20 07:18:15,BedRight,BedRight,ON,Other_Activity,None
31,2008-11-20 07:18:23,BedRight,BedRight,ON,Other_Activity,None
32,2008-11-20 07:18:30,BedRight,BedRight,ON,Other_Activity,None
33,2008-11-20 07:18:32,BedRight,BedRight,ON,Other_Activity,None
34,2008-11-20 07:18:34,BedRight,BedRight,ON,Other_Activity,None
35,2008-11-20 07:18:37,BedRight,BedRight,ON,Other_Activity,None
36,2008-11-20 07:18:42,BedRight,BedRight,ON,Other_Activity,None
37,2008-11-20 07:18:45,BedRight,BedRight,ON,Other_Activity,None
38,2008-11-20 07:18:48,BedRight,BedRight,ON,Other_Activity,None
39,2008-11-20 07:18:52,BedRight,BedRight,ON,Other_Activity,None
40,2008-11-20 07:18:54,BedRight,BedRight,ON,Other_Activity,None
41,2008-11-20 07:18:59,BedRight,BedRight,ON,Other_Activity,None
42,2008-11-20 07:19:02,BedRight,BedRight,ON,Other_Activity,None
43,2008-11-20 07:19:05,BedRight,BedRight,ON,Other_Activity,None
44,2008-11-20 07:19:07,BedRight,BedRight,ON,Other_Activity,None
45,2008-11-20 07:19:11,BedRight,BedRight,ON,Other_Activity,None
46,2008-11-20 07:19:13,BedRight,BedRight,ON,Other_Activity,None
47,2008-11-20 07:19:15,BedRight,BedRight,ON,Other_Activity,None
48,2008-11-20 07:19:20,BedRight,BedRight,ON,Other_Activity,None
49,2008-11-20 07:19:24,BedRight,BedRight,ON,Other_Activity,None
50,2008-11-20 07:19:26,BedRight,BedRight,ON,Other_Activity,None
51,2008-11-20 07:19:29,BedRight,BedRight,ON,Other_Activity,None
52,2008-11-20 07:19:37,BedRight,BedRight,ON,Other_Activity,None
53,2008-11-20 07:19:44,BedRight,BedRight,ON,Other_Activity,None
54,2008-11-20 07:19:48,BedRight,BedRight,ON,Other_Activity,None
55,2008-11-20 07:20:05,BedRight,BedRight,ON,Other_Activity,None
56,2008-11-20 07:20:14,BedRight,BedRight,ON,Other_Activity,None
57,2008-11-20 07:21:56,BedRight,BedRight,ON,Other_Activity,None
58,2008-11-20 07:21:59,BedRight,BedRight,ON,Other_Activity,None
59,2008-11-20 07:22:17,BedRight,BedRight,ON,Other_Activity,None
60,2008-11-20 07:22:41,BedRight,BedRight,ON,Other_Activity,None
61,2008-11-20 07:22:43,BedRight,BedRight,ON,Other_Activity,None
62,2008-11-20 07:22:46,BedRight,BedRight,ON,Other_Activity,None
63,2008-11-20 07:22:57,BedRight,BedRight,ON,Other_Activity,None
64,2008-11-20 07:23:00,BedRight,BedRight,ON,Other_Activity,None
65,2008-11-20 07:23:02,BedRight,BedRight,ON,Other_Activity,None
66,2008-11-20 07:23:03,BedRight,BedRight,ON,Other_Activity,None
67,2008-11-20 07:23:08,BedRight,BedRight,ON,Other_Activity,None
68,2008-11-20 07:23:12,BedRight,BedRight,ON,Other_Activity,None
69,2008-11-20 07:23:15,BedRight,BedRight,ON,Other_Activity,None
70,2008-11-20 07:23:17,BedRight,BedRight,ON,Other_Activity,None
71,2008-11-20 07:23:19,BedRight,BedRight,ON,Other_Activity,None
72,2008-11-20 07:23:21,BedRight,BedRight,ON,Other_Activity,None
73,2008-11-20 07:23:29,BedRight,BedRight,ON,Other_Activity,None
74,2008-11-20 07:23:31,BedRight,BedRight,ON,Other_Activity,None
75,2008-11-20 07:23:38,BedRight,BedRight,ON,Other_Activity,None
76,2008-11-20 07:23:46,BedRight,BedRight,ON,Other_Activity,None
77,2008-11-20 07:23:53,BedRight,BedRight,ON,Other_Activity,None
78,2008-11-20 07:24:04,BedRight,BedRight,ON,Other_Activity,None
79,2008-11-20 07:24:07,BedRight,BedRight,ON,Other_Activity,None
80,2008-11-20 07:24:12,BedRight,BedRight,ON,Other_Activity,None
81,2008-11-20 07:24:18,BedRight,BedRight,ON,Other_Activity,None
82,2008-11-20 07:24:22,BedRight,BedRight,ON,Other_Activity,None
83,2008-11-20 07:24:30,BedRight,BedRight,ON,Other_Activity,None
84,2008-11-20 07:24:41,BedRight,BedRight,ON,Other_Activity,None
85,2008-11-20 07:25:08,BedRight,BedRight,ON,Other_Activity,None
86,2008-11-20 07:25:10,BedRight,BedRight,ON,Other_Activity,None
87,2008-11-20 07:25:20,BedRight,BedRight,ON,Other_Activity,None
88,2008-11-20 07:25:25,BedRight,BedRight,ON,Other_Activity,None
89,2008-11-20 07:25:59,BedRight,BedRight,ON,Other_Activity,None
90,2008-11-20 07:26:01,BedRight,BedRight,ON,Other_Activity,None
91,2008-11-20 07:26:03,BedRight,BedRight,ON,Other_Activity,None
92,2008-11-20 07:26:05,BedRight,BedRight,ON,Other_Activity,None
93,2008-11-20 07:26:07,BedRight,BedRight,ON,Other_Activity,None
94,2008-11-20 07:26:10,BedRight,BedRight,ON,Other_Activity,None
95,2008-11-20 07:26:13,BedRight,BedRight,ON,Other_Activity,None
96,2008-11-20 07:26:17,BedRight,BedRight,ON,Other_Activity,None
97,2008-11-20 07:26:23,BedRight,BedRight,ON,Other_Activity,None
98,2008-11-20 07:26:25,BedRight,BedRight,ON,Other_Activity,None
99,2008-11-20 07:26:28,BedRight,BedRight,ON,Other_Activity,None
100,2008-11-20 07:26:50,BedRight,BedRight,ON,Other_Activity,None
101,2008-11-20 07:26:52,BedRight,BedRight,ON,Other_Activity,None
102,2008-11-20 07:26:56,BedRight,BedRight,ON,Other_Activity,None
103,2008-11-20 07:27:00,BedRight,BedRight,ON,Other_Activity,None
104,2008-11-20 07:27:03,BedRight,BedRight,ON,Other_Activity,None
105,2008-11-20 07:27:06,BedRight,BedRight,ON,Other_Activity,None
106,2008-11-20 07:27:08,BedRight,BedRight,ON,Other_Activity,None
107,2008-11-20 07:27:13,BedRight,BedRight,ON,Other_Activity,None
108,2008-11-20 07:27:18,BedRight,BedRight,ON,Other_Activity,None
109,2008-11-20 07:27:50,BedRight,BedRight,ON,Other_Activity,None
110,2008-11-20 07:28:15,BedRight,BedRight,ON,Other_Activity,None
111,2008-11-20 07:28:21,BedRight,BedRight,ON,Other_Activity,None
112,2008-11-20 07:30:35,BedRight,BedRight,ON,Other_Activity,None
113,2008-11-20 07:31:06,BedRight,BedRight,ON,Other_Activity,None
114,2008-11-20 07:31:38,BedRight,BedRight,ON,Other_Activity,None
115,2008-11-20 07:31:55,BedRight,BedRight,ON,Other_Activity,None
116,2008-11-20 07:32:04,BedRight,BedRight,ON,Other_Activity,None
117,2008-11-20 07:32:08,BedRight,BedRight,ON,Other_Activity,None
118,2008-11-20 07:32:10,BedRight,BedRight,ON,Other_Activity,None
119,2008-11-20 07:32:31,BedRight,BedRight,ON,Other_Activity,None
120,2008-11-20 07:33:55,BedRight,BedRight,ON,Other_Activity,None
121,2008-11-20 07:33:59,BedRight,BedRight,ON,Other_Activity,None
122,2008-11-20 07:34:32,BedRight,BedRight,ON,Other_Activity,None
123,2008-11-20 07:34:35,BedRight,BedRight,ON,Other_Activity,None
124,2008-11-20 07:35:26,BedRight,BedRight,ON,Other_Activity,None
125,2008-11-20 07:35:57,BedRight,BedRight,ON,Other_Activity,None
126,2008-11-20 07:36:41,BedRight,BedRight,ON,Other_Activity,None
127,2008-11-20 07:37:38,BedRight,BedRight,ON,Other_Activity,None
128,2008-11-20 07:37:39,BedRight,BedRight,ON,Other_Activity,None
129,2008-11-20 07:37:42,BedRight,BedRight,ON,Other_Activity,None
130,2008-11-20 07:37:45,BedRight,BedRight,ON,Other_Activity,None
131,2008-11-20 07:37:49,BedRight,BedRight,ON,Other_Activity,None
132,2008-11-20 07:37:58,BedRight,BedRight,ON,Other_Activity,None
133,2008-11-20 07:38:04,BedRight,BedRight,ON,Other_Activity,None
134,2008-11-20 07:38:43,BedRight,BedRight,ON,Other_Activity,None
135,2008-11-20 07:40:18,BedRight,BedRight,ON,Other_Activity,None
136,2008-11-20 07:43:42,BedRight,BedRight,ON,Other_Activity,None
137,2008-11-20 07:44:57,BedRight,BedRight,ON,Other_Activity,None
138,2008-11-20 07:45:03,BedRight,BedRight,ON,Other_Activity,None
139,2008-11-20 07:45:52,BedRight,BedRight,ON,Other_Activity,None
140,2008-11-20 07:46:04,BedRight,BedRight,ON,Other_Activity,None
141,2008-11-20 07:46:23,BedRight,BedRight,ON,Other_Activity,None
142,2008-11-20 07:46:25,BedRight,BedRight,ON,Other_Activity,None
143,2008-11-20 07:46:54,BedRight,BedRight,ON,Other_Activity,None
144,2008-11-20 07:47:15,BedRight,BedRight,ON,Other_Activity,None
145,2008-11-20 07:47:32,BedRight,BedRight,ON,Other_Activity,None
146,2008-11-20 07:47:34,BedRight,BedRight,ON,Other_Activity,None
147,2008-11-20 07:47:37,BedRight,BedRight,ON,Other_Activity,None
148,2008-11-20 07:47:42,BedRight,BedRight,ON,Other_Activity,None
149,2008-11-20 07:47:50,BedRight,BedRight,ON,Other_Activity,None
150,2008-11-20 07:48:03,BedRight,BedRight,ON,Other_Activity,None
151,2008-11-20 07:48:08,BedRight,BedRight,ON,Other_Activity,None
152,2008-11-20 07:48:10,BedRight,BedRight,ON,Other_Activity,None
153,2008-11-20 07:48:14,BedRight,BedRight,ON,Other_Activity,None
154,2008-11-20 07:48:16,BedRight,BedRight,ON,Other_Activity,None
155,2008-11-20 07:48:18,BedRight,BedRight,ON,Other_Activity,None
156,2008-11-20 07:48:20,BedRight,BedRight,ON,Other_Activity,None
157,2008-11-20 07:48:21,BedRight,BedRight,ON,Other_Activity,None
158,2008-11-20 07:48:29,BedRight,BedRight,ON,Other_Activity,None
159,2008-11-20 07:49:16,BedRight,BedRight,ON,Other_Activity,None
160,2008-11-20 07:49:28,BedRight,BedRight,ON,Other_Activity,None
161,2008-11-20 07:49:45,BedRight,BedRight,ON,Other_Activity,None
162,2008-11-20 07:49:48,BedRight,BedRight,ON,Other_Activity,None
163,2008-11-20 07:49:50,BedRight,BedRight,ON,Other_Activity,None
164,2008-11-20 07:49:52,BedRight,BedRight,ON,Other_Activity,None
165,2008-11-20 07:49:58,BedRight,BedRight,ON,Other_Activity,None
166,2008-11-20 07:50:22,BedRight,BedRight,ON,Other_Activity,None
167,2008-11-20 07:50:26,BedRight,BedRight,ON,Other_Activity,None
168,2008-11-20 07:50:29,BedRight,BedRight,ON,Other_Activity,None
169,2008-11-20 07:50:33,BedRight,BedRight,ON,Other_Activity,None
170,2008-11-20 07:51:05,BedRight,BedRight,ON,Other_Activity,None
171,2008-11-20 07:51:22,BedRight,BedRight,ON,Other_Activity,None
172,2008-11-20 07:51:27,BedRight,BedRight,ON,Other_Activity,None
173,2008-11-20 07:55:02,BedRight,BedRight,ON,Other_Activity,None
174,2008-11-20 07:55:52,BedRight,BedRight,ON,Other_Activity,None
175,2008-11-20 07:56:10,BedRight,BedRight,ON,Other_Activity,None
176,2008-11-20 07:58:48,BedRight,BedRight,ON,Other_Activity,None
177,2008-11-20 08:04:35,BedRight,BedRight,ON,Other_Activity,None
178,2008-11-20 08:11:36,BedRight,BedRight,ON,Other_Activity,None
179,2008-11-20 08:11:47,BedRight,BedRight,ON,Other_Activity,None
180,2008-11-20 08:11:49,BedRight,BedRight,ON,Other_Activity,None
181,2008-11-20 08:11:50,BedRight,BedRight,ON,Other_Activity,None
182,2008-11-20 08:12:11,BedRight,BedRight,ON,Other_Activity,None
183,2008-11-20 08:12:19,BedRight,BedRight,ON,Other_Activity,None
184,2008-11-20 08:12:22,BedRight,BedRight,ON,Other_Activity,None
185,2008-11-20 08:12:41,BedRight,BedRight,ON,Other_Activity,None
186,2008-11-20 08:12:43,BedRight,BedRight,ON,Other_Activity,None
187,2008-11-20 08:12:46,BedRight,BedRight,ON,Other_Activity,None
188,2008-11-20 08:12:57,BedRight,BedRight,ON,Other_Activity,None
189,2008-11-20 08:12:59,BedRight,BedRight,ON,Other_Activity,None
190,2008-11-20 08:13:48,BedRight,BedRight,ON,Other_Activity,None
191,2008-11-20 08:14:06,BedRight,BedRight,ON,Other_Activity,None
192,2008-11-20 08:44:05,BedRight,BedRight,ON,Other_Activity,None
193,2008-11-20 08:48:00,BedRight,BedRight,ON,Other_Activity,None
194,2008-11-20 08:48:04,BedRight,BedRight,ON,Other_Activity,None
195,2008-11-20 08:48:29,BathroomDoor,BathroomDoor,ON,Pat_114,TakeShower
196,2008-11-20 08:48:54,BathroomDoor,BathroomDoor,ON,Pat_114,TakeShower
197,2008-11-20 08:50:23,BedroomDoor,BedroomDoor,ON,Pat_114,TakeShower
198,2008-11-20 08:50:27,ToiletFlushUpstairs,ToiletFlushUpstairs,ON,Other_Activity,None
199,2008-11-20 08:50:34,BedRight,BedRight,ON,Other_Activity,None
200,2008-11-20 08:50:36,BedRight,BedRight,ON,Other_Activity,None
201,2008-11-20 08:59:04,BedRight,BedRight,ON,Other_Activity,None
202,2008-11-20 09:04:36,BedRight,BedRight,ON,Other_Activity,None
203,2008-11-20 09:24:43,BedRight,BedRight,ON,Other_Activity,None
204,2008-11-20 09:30:15,BedRight,BedRight,ON,Other_Activity,None
205,2008-11-20 09:30:19,BedRight,BedRight,ON,Other_Activity,None
206,2008-11-20 09:30:26,BedRight,BedRight,ON,Other_Activity,None
207,2008-11-20 09:30:32,BedRight,BedRight,ON,Other_Activity,None
208,2008-11-20 09:31:46,BedRight,BedRight,ON,Other_Activity,None
209,2008-11-20 09:33:39,Dresser,Dresser,ON,Pat_24,GetDressed
210,2008-11-20 09:33:43,Dresser,Dresser,ON,Pat_24,GetDressed
211,2008-11-20 09:33:48,BedLeft,BedLeft,ON,Pat_24,GetDressed
212,2008-11-20 09:34:45,Bathtub,Bathtub,ON,Pat_111,BrushTeeth
213,2008-11-20 09:34:48,Bathtub,Bathtub,ON,Pat_111,BrushTeeth
214,2008-11-20 09:35:49,BedroomDoor,BedroomDoor,ON,Pat_111,BrushTeeth
215,2008-11-20 09:39:15,Couch,Couch,ON,Pat_4,Relax
216,2008-11-20 10:06:02,Couch,Couch,ON,Pat_4,Relax
217,2008-11-20 10:18:28,Couch,Couch,ON,Pat_4,Relax
218,2008-11-20 10:32:39,Couch,Couch,ON,Pat_4,Relax
219,2008-11-20 10:32:50,Couch,Couch,ON,Pat_4,Relax
220,2008-11-20 10:32:51,Couch,Couch,ON,Pat_4,Relax
221,2008-11-20 10:41:57,PlatesCupboard,PlatesCupboard,ON,Pat_184,PrepareBreakfast
222,2008-11-20 10:42:29,PlatesCupboard,PlatesCupboard,ON,Pat_184,PrepareBreakfast
223,2008-11-20 10:42:31,PlatesCupboard,PlatesCupboard,ON,Pat_184,PrepareBreakfast
224,2008-11-20 10:42:34,PlatesCupboard,PlatesCupboard,ON,Pat_184,PrepareBreakfast
225,2008-11-20 10:42:40,PlatesCupboard,PlatesCupboard,ON,Pat_184,PrepareBreakfast
226,2008-11-20 10:42:49,CupboardCups,CupboardCups,ON,Other_Activity,None
227,2008-11-20 10:42:52,PlatesCupboard,PlatesCupboard,ON,Other_Activity,None
228,2008-11-20 10:42:55,Fridge,Fridge,ON,Pat_179,PrepareBreakfast
229,2008-11-20 10:43:23,PlatesCupboard,PlatesCupboard,ON,Pat_179,PrepareBreakfast
230,2008-11-20 10:43:58,Fridge,Fridge,ON,Pat_179,PrepareBreakfast
231,2008-11-20 10:44:36,Cutlery,Cutlery,ON,Pat_179,PrepareBreakfast
232,2008-11-20 10:45:08,Fridge,Fridge,ON,Pat_14,GetDrink
233,2008-11-20 10:45:25,Fridge,Fridge,ON,Pat_14,GetDrink
234,2008-11-20 10:45:36,Fridge,Fridge,ON,Pat_14,GetDrink
235,2008-11-20 10:45:38,Cutlery,Cutlery,ON,Pat_8,PrepareBreakfast
236,2008-11-20 10:45:40,Cutlery,Cutlery,ON,Pat_8,PrepareBreakfast
237,2008-11-20 10:45:43,Cutlery,Cutlery,ON,Pat_8,PrepareBreakfast
238,2008-11-20 10:45:49,Cutlery,Cutlery,ON,Pat_8,PrepareBreakfast
239,2008-11-20 10:46:01,Cutlery,Cutlery,ON,Pat_8,PrepareBreakfast
240,2008-11-20 10:46:25,Cutlery,Cutlery,ON,Pat_8,PrepareBreakfast
241,2008-11-20 10:47:02,Cutlery,Cutlery,ON,Pat_8,PrepareBreakfast
242,2008-11-20 10:47:38,Cutlery,Cutlery,ON,Pat_8,PrepareBreakfast
243,2008-11-20 10:48:06,Couch,Couch,ON,Pat_89,Relax
244,2008-11-20 10:48:08,Couch,Couch,ON,Pat_89,Relax
245,2008-11-20 10:49:41,BedroomDoor,BedroomDoor,ON,Pat_89,Relax
246,2008-11-20 10:49:53,Couch,Couch,ON,Pat_4,Relax
247,2008-11-20 10:50:55,Couch,Couch,ON,Pat_4,Relax
248,2008-11-20 10:50:59,Couch,Couch,ON,Pat_4,Relax
249,2008-11-20 10:51:45,Couch,Couch,ON,Pat_4,Relax
250,2008-11-20 11:03:30,ToiletDoorDownstairs,ToiletDoorDownstairs,ON,Pat_13,UseToiletDownstairs
251,2008-11-20 11:04:44,ToiletFlushDownstairs,ToiletFlushDownstairs,ON,Pat_13,UseToiletDownstairs
252,2008-11-20 11:14:13,Frontdoor,Frontdoor,ON,Pat_15,LeaveHouse
253,2008-11-20 11:14:32,Frontdoor,Frontdoor,ON,Pat_15,LeaveHouse
254,2008-11-20 11:16:17,Frontdoor,Frontdoor,ON,Pat_15,LeaveHouse
255,2008-11-20 11:17:39,Couch,Couch,ON,Pat_89,Relax
256,2008-11-20 11:18:22,Couch,Couch,ON,Pat_89,Relax
257,2008-11-20 12:32:51,BedroomDoor,BedroomDoor,ON,Pat_89,Relax
258,2008-11-20 13:11:27,PlatesCupboard,PlatesCupboard,ON,Other_Activity,None
259,2008-11-20 13:12:08,Fridge,Fridge,ON,Pat_34,PrepareLunch
260,2008-11-20 13:12:10,Cutlery,Cutlery,ON,Pat_34,PrepareLunch
261,2008-11-20 13:12:18,Cutlery,Cutlery,ON,Pat_34,PrepareLunch
262,2008-11-20 13:12:44,PlatesCupboard,PlatesCupboard,ON,Pat_66,PrepareLunch
263,2008-11-20 13:13:03,Cutlery,Cutlery,ON,Pat_66,PrepareLunch
264,2008-11-20 13:13:11,Fridge,Fridge,ON,Pat_76,PrepareLunch
265,2008-11-20 13:13:42,Fridge,Fridge,ON,Pat_76,PrepareLunch
266,2008-11-20 13:14:14,Fridge,Fridge,ON,Pat_76,PrepareLunch
267,2008-11-20 13:15:43,Fridge,Fridge,ON,Pat_76,PrepareLunch
268,2008-11-20 13:16:40,Fridge,Fridge,ON,Pat_76,PrepareLunch
269,2008-11-20 13:17:42,CupboardCups,CupboardCups,ON,Pat_70,GetDrink
270,2008-11-20 13:17:42,CupboardCups,CupboardCups,ON,Pat_70,PrepareLunch
271,2008-11-20 13:17:49,Cutlery,Cutlery,ON,Pat_70,GetDrink
272,2008-11-20 13:17:49,Cutlery,Cutlery,ON,Pat_70,PrepareLunch
273,2008-11-20 13:19:07,ToiletDoorDownstairs,ToiletDoorDownstairs,ON,Pat_158,PrepareLunch
274,2008-11-20 13:19:07,ToiletDoorDownstairs,ToiletDoorDownstairs,ON,Pat_158,UseToiletDownstairs
275,2008-11-20 13:19:12,ToiletDoorDownstairs,ToiletDoorDownstairs,ON,Pat_158,PrepareLunch
276,2008-11-20 13:19:12,ToiletDoorDownstairs,ToiletDoorDownstairs,ON,Pat_158,UseToiletDownstairs
277,2008-11-20 13:20:51,ToiletDoorDownstairs,ToiletDoorDownstairs,ON,Pat_158,PrepareLunch
278,2008-11-20 13:20:51,ToiletDoorDownstairs,ToiletDoorDownstairs,ON,Pat_158,UseToiletDownstairs
279,2008-11-20 13:21:20,ToiletFlushDownstairs,ToiletFlushDownstairs,ON,Pat_158,PrepareLunch
280,2008-11-20 13:21:20,ToiletFlushDownstairs,ToiletFlushDownstairs,ON,Pat_158,UseToiletDownstairs
281,2008-11-20 13:22:42,PlatesCupboard,PlatesCupboard,ON,Pat_158,PrepareLunch
282,2008-11-20 13:22:42,PlatesCupboard,PlatesCupboard,ON,Pat_158,UseToiletDownstairs
283,2008-11-20 13:23:25,Couch,Couch,ON,Pat_193,Relax
284,2008-11-20 13:23:25,Couch,Couch,ON,Pat_193,LeaveHouse
285,2008-11-20 13:35:43,Couch,Couch,ON,Pat_193,Relax
286,2008-11-20 13:35:43,Couch,Couch,ON,Pat_193,LeaveHouse
287,2008-11-20 13:43:27,Couch,Couch,ON,Pat_193,Relax
288,2008-11-20 13:43:27,Couch,Couch,ON,Pat_193,LeaveHouse
289,2008-11-20 15:28:22,Frontdoor,Frontdoor,ON,Pat_193,Relax
290,2008-11-20 15:28:22,Frontdoor,Frontdoor,ON,Pat_193,LeaveHouse
291,2008-11-20 17:20:19,Frontdoor,Frontdoor,ON,Pat_193,Relax
292,2008-11-20 17:20:19,Frontdoor,Frontdoor,ON,Pat_193,LeaveHouse
293,2008-11-20 17:20:22,Frontdoor,Frontdoor,ON,Pat_193,Relax
294,2008-11-20 17:20:22,Frontdoor,Frontdoor,ON,Pat_193,LeaveHouse
295,2008-11-20 17:22:58,ToiletDoorDownstairs,ToiletDoorDownstairs,ON,Other_Activity,None
296,2008-11-20 17:23:17,Couch,Couch,ON,Pat_110,Relax
297,2008-11-20 17:23:17,Couch,Couch,ON,Pat_110,UseToiletDownstairs
298,2008-11-20 17:23:37,ToiletFlushDownstairs,ToiletFlushDownstairs,ON,Pat_110,Relax
299,2008-11-20 17:23:37,ToiletFlushDownstairs,ToiletFlushDownstairs,ON,Pat_110,UseToiletDownstairs
300,2008-11-20 17:28:06,Fridge,Fridge,ON,Pat_61,PrepareDinner
301,2008-11-20 17:28:17,Freezer,Freezer,ON,Pat_61,PrepareDinner
302,2008-11-20 17:29:39,Fridge,Fridge,ON,Pat_116,PrepareDinner
303,2008-11-20 17:31:54,Fridge,Fridge,ON,Pat_116,PrepareDinner
304,2008-11-20 17:33:49,Saucepan,Saucepan,ON,Pat_116,PrepareDinner
305,2008-11-20 17:33:56,Cutlery,Cutlery,ON,Pat_8,PrepareDinner
306,2008-11-20 17:33:58,Cutlery,Cutlery,ON,Pat_8,PrepareDinner
307,2008-11-20 17:34:01,Cutlery,Cutlery,ON,Pat_8,PrepareDinner
308,2008-11-20 17:34:07,Cutlery,Cutlery,ON,Pat_8,PrepareDinner
309,2008-11-20 17:34:26,PlatesCupboard,PlatesCupboard,ON,Pat_66,PrepareDinner
310,2008-11-20 17:34:45,Cutlery,Cutlery,ON,Pat_66,PrepareDinner
311,2008-11-20 17:37:43,PlatesCupboard,PlatesCupboard,ON,Other_Activity,None
312,2008-11-20 17:38:23,Fridge,Fridge,ON,Pat_34,PrepareDinner
313,2008-11-20 17:38:27,Cutlery,Cutlery,ON,Pat_34,PrepareDinner
314,2008-11-20 17:38:29,Cutlery,Cutlery,ON,Pat_34,PrepareDinner
315,2008-11-20 17:38:31,Cutlery,Cutlery,ON,Pat_34,PrepareDinner
316,2008-11-20 17:42:58,Keys,BedLeft,ON,Other_Activity,None
317,2008-11-20 17:43:20,PlatesCupboard,PlatesCupboard,ON,Pat_27,PrepareDinner
318,2008-11-20 17:43:23,PlatesCupboard,PlatesCupboard,ON,Pat_27,PrepareDinner
319,2008-11-20 17:53:54,Cutlery,Cutlery,ON,Pat_119,PrepareDinner
320,2008-11-20 17:53:57,Cutlery,Cutlery,ON,Pat_119,PrepareDinner
321,2008-11-20 17:53:58,Cutlery,Cutlery,ON,Pat_119,PrepareDinner
322,2008-11-20 17:55:20,PlatesCupboard,PlatesCupboard,ON,Pat_119,PrepareDinner
323,2008-11-20 17:55:42,Couch,Couch,ON,Pat_167,Eating
324,2008-11-20 17:55:42,Couch,Couch,ON,Pat_167,Relax
325,2008-11-20 17:55:46,Couch,Couch,ON,Pat_167,Eating
326,2008-11-20 17:55:46,Couch,Couch,ON,Pat_167,Relax
327,2008-11-20 17:56:21,Couch,Couch,ON,Pat_167,Eating
328,2008-11-20 17:56:21,Couch,Couch,ON,Pat_167,Relax
329,2008-11-20 17:57:20,Couch,Couch,ON,Pat_167,Eating
330,2008-11-20 17:57:20,Couch,Couch,ON,Pat_167,Relax
331,2008-11-20 17:57:22,Couch,Couch,ON,Pat_167,Eating
332,2008-11-20 17:57:22,Couch,Couch,ON,Pat_167,Relax
333,2008-11-20 17:58:31,Couch,Couch,ON,Pat_167,Eating
334,2008-11-20 17:58:31,Couch,Couch,ON,Pat_167,Relax
335,2008-11-20 18:13:43,PlatesCupboard,PlatesCupboard,ON,Pat_167,Eating
336,2008-11-20 18:13:43,PlatesCupboard,PlatesCupboard,ON,Pat_167,Relax
337,2008-11-20 18:15:57,Couch,Couch,ON,Pat_4,Relax
338,2008-11-20 18:16:23,Couch,Couch,ON,Pat_4,Relax
339,2008-11-20 18:16:30,Couch,Couch,ON,Pat_4,Relax
340,2008-11-20 18:16:34,Couch,Couch,ON,Pat_4,Relax
341,2008-11-20 18:16:41,Couch,Couch,ON,Pat_4,Relax
342,2008-11-20 18:17:42,Couch,Couch,ON,Pat_4,Relax
343,2008-11-20 18:17:44,Couch,Couch,ON,Pat_4,Relax
344,2008-11-20 18:56:57,Couch,Couch,ON,Pat_4,Relax
345,2008-11-20 19:50:38,ToiletDoorDownstairs,ToiletDoorDownstairs,ON,Pat_13,UseToiletDownstairs
346,2008-11-20 19:51:17,ToiletDoorDownstairs,ToiletDoorDownstairs,ON,Pat_13,UseToiletDownstairs
347,2008-11-20 19:51:49,ToiletFlushDownstairs,ToiletFlushDownstairs,ON,Pat_13,UseToiletDownstairs
348,2008-11-20 19:52:07,Couch,Couch,ON,Pat_43,Relax
349,2008-11-20 19:52:07,Couch,Couch,ON,Pat_43,LeaveHouse
350,2008-11-20 19:57:34,Frontdoor,Frontdoor,ON,Pat_43,Relax
351,2008-11-20 19:57:34,Frontdoor,Frontdoor,ON,Pat_43,LeaveHouse
352,2008-11-20 22:38:13,Frontdoor,Frontdoor,ON,Pat_43,Relax
353,2008-11-20 22:38:13,Frontdoor,Frontdoor,ON,Pat_43,LeaveHouse
354,2008-11-20 22:55:18,Fridge,Fridge,ON,Other_Activity,None
355,2008-11-21 00:44:21,BathroomDoor,BathroomDoor,ON,Pat_75,UseToiletUpstairs
356,2008-11-21 00:44:52,BathroomDoor,BathroomDoor,ON,Pat_75,UseToiletUpstairs
357,2008-11-21 00:46:17,ToiletFlushUpstairs,ToiletFlushUpstairs,ON,Pat_75,UseToiletUpstairs
358,2008-11-21 00:46:18,BathroomDoor,BathroomDoor,ON,Other_Activity,None
359,2008-11-21 00:46:36,SinkTop,SinkTop,ON,Pat_39,BrushTeeth
360,2008-11-21 00:50:08,Bathtub,Bathtub,ON,Pat_39,BrushTeeth
361,2008-11-21 00:50:12,Bathtub,Bathtub,ON,Pat_39,BrushTeeth
362,2008-11-21 00:50:23,Bathtub,Bathtub,ON,Pat_39,BrushTeeth
363,2008-11-21 00:50:28,Bathtub,Bathtub,ON,Pat_39,BrushTeeth
364,2008-11-21 00:50:45,BathroomDoor,BathroomDoor,ON,Pat_29,TakeMedication
365,2008-11-21 00:51:55,BedroomDoor,BedroomDoor,ON,Pat_29,TakeMedication
366,2008-11-21 00:52:27,BedRight,BedRight,ON,Other_Activity,None
367,2008-11-21 00:52:31,BedRight,BedRight,ON,Other_Activity,None
368,2008-11-21 00:52:54,BedRight,BedRight,ON,Other_Activity,None
369,2008-11-21 01:38:46,BedRight,BedRight,ON,Other_Activity,None
370,2008-11-21 02:02:09,BedRight,BedRight,ON,Other_Activity,None
371,2008-11-21 02:05:20,BedRight,BedRight,ON,Other_Activity,None
372,2008-11-21 02:05:25,BedRight,BedRight,ON,Other_Activity,None
373,2008-11-21 02:05:47,BedRight,BedRight,ON,Other_Activity,None
374,2008-11-21 02:05:53,BedRight,BedRight,ON,Other_Activity,None
375,2008-11-21 02:05:56,BedRight,BedRight,ON,Other_Activity,None
376,2008-11-21 02:05:59,BedRight,BedRight,ON,Other_Activity,None
377,2008-11-21 02:06:05,BedRight,BedRight,ON,Other_Activity,None
378,2008-11-21 02:06:13,BedRight,BedRight,ON,Other_Activity,None
379,2008-11-21 02:06:15,BedRight,BedRight,ON,Other_Activity,None
380,2008-11-21 02:06:19,BedRight,BedRight,ON,Other_Activity,None
381,2008-11-21 02:06:22,BedRight,BedRight,ON,Other_Activity,None
382,2008-11-21 02:06:30,BedRight,BedRight,ON,Other_Activity,None
383,2008-11-21 02:06:32,BedRight,BedRight,ON,Other_Activity,None
384,2008-11-21 02:06:37,BedRight,BedRight,ON,Other_Activity,None
385,2008-11-21 02:06:43,BedRight,BedRight,ON,Other_Activity,None
386,2008-11-21 02:06:45,BedRight,BedRight,ON,Other_Activity,None
387,2008-11-21 02:06:48,BedRight,BedRight,ON,Other_Activity,None
388,2008-11-21 02:06:51,BedRight,BedRight,ON,Other_Activity,None
389,2008-11-21 02:06:53,BedRight,BedRight,ON,Other_Activity,None
390,2008-11-21 02:06:56,BedRight,BedRight,ON,Other_Activity,None
391,2008-11-21 02:06:57,BedRight,BedRight,ON,Other_Activity,None
392,2008-11-21 02:07:00,BedRight,BedRight,ON,Other_Activity,None
393,2008-11-21 02:07:07,BedRight,BedRight,ON,Other_Activity,None
394,2008-11-21 02:07:09,BedRight,BedRight,ON,Other_Activity,None
395,2008-11-21 02:07:11,BedRight,BedRight,ON,Other_Activity,None
396,2008-11-21 02:07:13,BedRight,BedRight,ON,Other_Activity,None
397,2008-11-21 02:07:15,BedRight,BedRight,ON,Other_Activity,None
398,2008-11-21 02:07:17,BedRight,BedRight,ON,Other_Activity,None
399,2008-11-21 02:07:19,BedRight,BedRight,ON,Other_Activity,None
400,2008-11-21 02:07:22,BedRight,BedRight,ON,Other_Activity,None
401,2008-11-21 02:07:25,BedRight,BedRight,ON,Other_Activity,None
402,2008-11-21 02:07:27,BedRight,BedRight,ON,Other_Activity,None
403,2008-11-21 02:07:29,BedRight,BedRight,ON,Other_Activity,None
404,2008-11-21 02:07:35,BedRight,BedRight,ON,Other_Activity,None
405,2008-11-21 02:07:36,BedRight,BedRight,ON,Other_Activity,None
406,2008-11-21 02:07:38,BedRight,BedRight,ON,Other_Activity,None
407,2008-11-21 02:07:40,BedRight,BedRight,ON,Other_Activity,None
408,2008-11-21 02:07:44,BedRight,BedRight,ON,Other_Activity,None
409,2008-11-21 02:07:50,BedRight,BedRight,ON,Other_Activity,None
410,2008-11-21 02:09:30,BedRight,BedRight,ON,Other_Activity,None
411,2008-11-21 02:10:01,BedRight,BedRight,ON,Other_Activity,None
412,2008-11-21 02:10:20,BedRight,BedRight,ON,Other_Activity,None
413,2008-11-21 02:10:23,BedRight,BedRight,ON,Other_Activity,None
414,2008-11-21 02:11:37,BedRight,BedRight,ON,Other_Activity,None
415,2008-11-21 02:17:46,BedRight,BedRight,ON,Other_Activity,None
416,2008-11-21 02:17:50,BedRight,BedRight,ON,Other_Activity,None
417,2008-11-21 02:17:53,BedRight,BedRight,ON,Other_Activity,None
418,2008-11-21 02:19:49,BedRight,BedRight,ON,Other_Activity,None
419,2008-11-21 02:20:00,BedRight,BedRight,ON,Other_Activity,None
420,2008-11-21 02:20:26,BedRight,BedRight,ON,Other_Activity,None
421,2008-11-21 02:20:47,BedRight,BedRight,ON,Other_Activity,None
422,2008-11-21 02:20:49,BedRight,BedRight,ON,Other_Activity,None
423,2008-11-21 02:21:16,BedRight,BedRight,ON,Other_Activity,None
424,2008-11-21 02:22:12,BedRight,BedRight,ON,Other_Activity,None
425,2008-11-21 02:22:45,BedRight,BedRight,ON,Other_Activity,None
426,2008-11-21 02:22:46,BedRight,BedRight,ON,Other_Activity,None
427,2008-11-21 02:22:48,BedRight,BedRight,ON,Other_Activity,None
428,2008-11-21 02:23:00,BedRight,BedRight,ON,Other_Activity,None
429,2008-11-21 02:23:02,BedRight,BedRight,ON,Other_Activity,None
430,2008-11-21 02:23:24,BedRight,BedRight,ON,Other_Activity,None
431,2008-11-21 02:23:30,BedRight,BedRight,ON,Other_Activity,None
432,2008-11-21 02:23:34,BedRight,BedRight,ON,Other_Activity,None
433,2008-11-21 02:23:52,BedRight,BedRight,ON,Other_Activity,None
434,2008-11-21 02:24:03,BedRight,BedRight,ON,Other_Activity,None
435,2008-11-21 02:24:05,BedRight,BedRight,ON,Other_Activity,None
436,2008-11-21 02:24:09,BedRight,BedRight,ON,Other_Activity,None
437,2008-11-21 02:24:12,BedRight,BedRight,ON,Other_Activity,None
438,2008-11-21 02:24:28,BedRight,BedRight,ON,Other_Activity,None
439,2008-11-21 02:24:29,BedRight,BedRight,ON,Other_Activity,None
440,2008-11-21 02:24:48,BedRight,BedRight,ON,Other_Activity,None
441,2008-11-21 02:24:51,BedRight,BedRight,ON,Other_Activity,None
442,2008-11-21 02:24:55,BedRight,BedRight,ON,Other_Activity,None
443,2008-11-21 02:24:57,BedRight,BedRight,ON,Other_Activity,None
444,2008-11-21 02:24:59,BedRight,BedRight,ON,Other_Activity,None
445,2008-11-21 02:25:01,BedRight,BedRight,ON,Other_Activity,None
446,2008-11-21 02:25:04,BedRight,BedRight,ON,Other_Activity,None
447,2008-11-21 02:25:07,BedRight,BedRight,ON,Other_Activity,None
448,2008-11-21 02:25:10,BedRight,BedRight,ON,Other_Activity,None
449,2008-11-21 02:25:12,BedRight,BedRight,ON,Other_Activity,None
450,2008-11-21 02:25:14,BedRight,BedRight,ON,Other_Activity,None
451,2008-11-21 02:25:17,BedRight,BedRight,ON,Other_Activity,None
452,2008-11-21 02:25:19,BedRight,BedRight,ON,Other_Activity,None
453,2008-11-21 02:25:21,BedRight,BedRight,ON,Other_Activity,None
454,2008-11-21 02:29:26,BedRight,BedRight,ON,Other_Activity,None
455,2008-11-21 02:29:29,BedRight,BedRight,ON,Other_Activity,None
456,2008-11-21 02:29:32,BedRight,BedRight,ON,Other_Activity,None
457,2008-11-21 02:29:35,BedRight,BedRight,ON,Other_Activity,None
458,2008-11-21 02:29:37,BedRight,BedRight,ON,Other_Activity,None
459,2008-11-21 02:29:39,BedRight,BedRight,ON,Other_Activity,None
460,2008-11-21 02:29:42,BedRight,BedRight,ON,Other_Activity,None
461,2008-11-21 02:29:46,BedRight,BedRight,ON,Other_Activity,None
462,2008-11-21 02:29:48,BedRight,BedRight,ON,Other_Activity,None
463,2008-11-21 02:29:50,BedRight,BedRight,ON,Other_Activity,None
464,2008-11-21 02:30:00,BedRight,BedRight,ON,Other_Activity,None
465,2008-11-21 02:30:04,BedRight,BedRight,ON,Other_Activity,None
466,2008-11-21 02:30:05,BedRight,BedRight,ON,Other_Activity,None
467,2008-11-21 02:30:10,BedRight,BedRight,ON,Other_Activity,None
468,2008-11-21 02:30:15,BedRight,BedRight,ON,Other_Activity,None
469,2008-11-21 02:30:18,BedRight,BedRight,ON,Other_Activity,None
470,2008-11-21 02:30:20,BedRight,BedRight,ON,Other_Activity,None
471,2008-11-21 02:30:23,BedRight,BedRight,ON,Other_Activity,None
472,2008-11-21 02:30:25,BedRight,BedRight,ON,Other_Activity,None
473,2008-11-21 02:30:29,BedRight,BedRight,ON,Other_Activity,None
474,2008-11-21 02:30:32,BedRight,BedRight,ON,Other_Activity,None
475,2008-11-21 02:30:37,BedRight,BedRight,ON,Other_Activity,None
476,2008-11-21 03:06:44,BedRight,BedRight,ON,Other_Activity,None
477,2008-11-21 03:06:46,BedRight,BedRight,ON,Other_Activity,None
478,2008-11-21 03:08:31,BedRight,BedRight,ON,Other_Activity,None
479,2008-11-21 03:09:20,BedRight,BedRight,ON,Other_Activity,None
480,2008-11-21 03:09:21,BedRight,BedRight,ON,Other_Activity,None
481,2008-11-21 03:10:56,BedRight,BedRight,ON,Other_Activity,None
482,2008-11-21 03:11:00,BedRight,BedRight,ON,Other_Activity,None
483,2008-11-21 03:11:28,BedRight,BedRight,ON,Other_Activity,None
484,2008-11-21 03:11:44,BedRight,BedRight,ON,Other_Activity,None
485,2008-11-21 03:11:45,BedRight,BedRight,ON,Other_Activity,None
486,2008-11-21 03:11:49,BedRight,BedRight,ON,Other_Activity,None
487,2008-11-21 03:12:11,BedRight,BedRight,ON,Other_Activity,None
488,2008-11-21 03:12:23,BedRight,BedRight,ON,Other_Activity,None
489,2008-11-21 03:12:26,BedRight,BedRight,ON,Other_Activity,None
490,2008-11-21 03:12:29,BedRight,BedRight,ON,Other_Activity,None
491,2008-11-21 03:12:37,BedRight,BedRight,ON,Other_Activity,None
492,2008-11-21 03:12:40,BedRight,BedRight,ON,Other_Activity,None
493,2008-11-21 03:12:44,BedRight,BedRight,ON,Other_Activity,None
494,2008-11-21 03:12:46,BedRight,BedRight,ON,Other_Activity,None
495,2008-11-21 03:12:59,BedRight,BedRight,ON,Other_Activity,None
496,2008-11-21 03:13:01,BedRight,BedRight,ON,Other_Activity,None
497,2008-11-21 03:13:11,BedRight,BedRight,ON,Other_Activity,None
498,2008-11-21 03:13:24,BedRight,BedRight,ON,Other_Activity,None
499,2008-11-21 03:13:28,BedRight,BedRight,ON,Other_Activity,None
500,2008-11-21 03:13:29,BedRight,BedRight,ON,Other_Activity,None
501,2008-11-21 03:13:36,BedRight,BedRight,ON,Other_Activity,None
502,2008-11-21 03:13:38,BedRight,BedRight,ON,Other_Activity,None
503,2008-11-21 03:13:40,BedRight,BedRight,ON,Other_Activity,None
504,2008-11-21 03:13:45,BedRight,BedRight,ON,Other_Activity,None
505,2008-11-21 03:13:46,BedRight,BedRight,ON,Other_Activity,None
506,2008-11-21 03:13:50,BedRight,BedRight,ON,Other_Activity,None
507,2008-11-21 03:13:56,BedRight,BedRight,ON,Other_Activity,None
508,2008-11-21 03:13:58,BedRight,BedRight,ON,Other_Activity,None
509,2008-11-21 03:14:00,BedRight,BedRight,ON,Other_Activity,None
510,2008-11-21 03:14:03,BedRight,BedRight,ON,Other_Activity,None
511,2008-11-21 03:14:05,BedRight,BedRight,ON,Other_Activity,None
512,2008-11-21 03:14:07,BedRight,BedRight,ON,Other_Activity,None
513,2008-11-21 03:14:11,BedRight,BedRight,ON,Other_Activity,None
514,2008-11-21 03:14:14,BedRight,BedRight,ON,Other_Activity,None
515,2008-11-21 03:14:17,BedRight,BedRight,ON,Other_Activity,None
516,2008-11-21 03:14:30,BedRight,BedRight,ON,Other_Activity,None
517,2008-11-21 03:14:42,BedRight,BedRight,ON,Other_Activity,None
518,2008-11-21 03:14:46,BedRight,BedRight,ON,Other_Activity,None
519,2008-11-21 03:14:48,BedRight,BedRight,ON,Other_Activity,None
520,2008-11-21 03:14:52,BedRight,BedRight,ON,Other_Activity,None
521,2008-11-21 03:14:54,BedRight,BedRight,ON,Other_Activity,None
522,2008-11-21 03:14:58,BedRight,BedRight,ON,Other_Activity,None
523,2008-11-21 03:15:02,BedRight,BedRight,ON,Other_Activity,None
524,2008-11-21 03:15:06,BedRight,BedRight,ON,Other_Activity,None
525,2008-11-21 03:15:13,BedRight,BedRight,ON,Other_Activity,None
526,2008-11-21 03:15:16,BedRight,BedRight,ON,Other_Activity,None
527,2008-11-21 03:15:20,BedRight,BedRight,ON,Other_Activity,None
528,2008-11-21 03:15:22,BedRight,BedRight,ON,Other_Activity,None
529,2008-11-21 03:15:25,BedRight,BedRight,ON,Other_Activity,None
530,2008-11-21 03:15:27,BedRight,BedRight,ON,Other_Activity,None
531,2008-11-21 03:15:29,BedRight,BedRight,ON,Other_Activity,None
532,2008-11-21 03:15:34,BedRight,BedRight,ON,Other_Activity,None
533,2008-11-21 03:15:47,BedRight,BedRight,ON,Other_Activity,None
534,2008-11-21 03:15:50,BedRight,BedRight,ON,Other_Activity,None
535,2008-11-21 03:15:53,BedRight,BedRight,ON,Other_Activity,None
536,2008-11-21 03:15:59,BedRight,BedRight,ON,Other_Activity,None
537,2008-11-21 03:16:03,BedRight,BedRight,ON,Other_Activity,None
538,2008-11-21 03:16:06,BedRight,BedRight,ON,Other_Activity,None
539,2008-11-21 03:16:11,BedRight,BedRight,ON,Other_Activity,None
540,2008-11-21 03:16:15,BedRight,BedRight,ON,Other_Activity,None
541,2008-11-21 03:16:19,BedRight,BedRight,ON,Other_Activity,None
542,2008-11-21 03:16:23,BedRight,BedRight,ON,Other_Activity,None
543,2008-11-21 03:16:32,BedRight,BedRight,ON,Other_Activity,None
544,2008-11-21 03:16:35,BedRight,BedRight,ON,Other_Activity,None
545,2008-11-21 03:16:41,BedRight,BedRight,ON,Other_Activity,None
546,2008-11-21 03:16:54,BedRight,BedRight,ON,Other_Activity,None
547,2008-11-21 03:16:58,BedRight,BedRight,ON,Other_Activity,None
548,2008-11-21 03:17:00,BedRight,BedRight,ON,Other_Activity,None
549,2008-11-21 03:17:05,BedRight,BedRight,ON,Other_Activity,None
550,2008-11-21 03:17:25,BedRight,BedRight,ON,Other_Activity,None
551,2008-11-21 03:17:30,BedRight,BedRight,ON,Other_Activity,None
552,2008-11-21 03:17:34,BedRight,BedRight,ON,Other_Activity,None
553,2008-11-21 03:17:37,BedRight,BedRight,ON,Other_Activity,None
554,2008-11-21 03:17:40,BedRight,BedRight,ON,Other_Activity,None
555,2008-11-21 03:17:44,BedRight,BedRight,ON,Other_Activity,None
556,2008-11-21 03:17:48,BedRight,BedRight,ON,Other_Activity,None
557,2008-11-21 03:17:51,BedRight,BedRight,ON,Other_Activity,None
558,2008-11-21 03:17:54,BedRight,BedRight,ON,Other_Activity,None
559,2008-11-21 03:17:56,BedRight,BedRight,ON,Other_Activity,None
560,2008-11-21 03:18:01,BedRight,BedRight,ON,Other_Activity,None
561,2008-11-21 03:18:04,BedRight,BedRight,ON,Other_Activity,None
562,2008-11-21 03:18:08,BedRight,BedRight,ON,Other_Activity,None
563,2008-11-21 03:18:11,BedRight,BedRight,ON,Other_Activity,None
564,2008-11-21 03:18:14,BedRight,BedRight,ON,Other_Activity,None
565,2008-11-21 03:18:18,BedRight,BedRight,ON,Other_Activity,None
566,2008-11-21 03:18:20,BedRight,BedRight,ON,Other_Activity,None
567,2008-11-21 03:18:38,BedRight,BedRight,ON,Other_Activity,None
568,2008-11-21 03:18:40,BedRight,BedRight,ON,Other_Activity,None
569,2008-11-21 03:18:42,BedRight,BedRight,ON,Other_Activity,None
570,2008-11-21 03:18:44,BedRight,BedRight,ON,Other_Activity,None
571,2008-11-21 03:18:49,BedRight,BedRight,ON,Other_Activity,None
572,2008-11-21 03:18:53,BedRight,BedRight,ON,Other_Activity,None
573,2008-11-21 03:18:56,BedRight,BedRight,ON,Other_Activity,None
574,2008-11-21 03:19:00,BedRight,BedRight,ON,Other_Activity,None
575,2008-11-21 03:19:02,BedRight,BedRight,ON,Other_Activity,None
576,2008-11-21 03:19:04,BedRight,BedRight,ON,Other_Activity,None
577,2008-11-21 03:19:06,BedRight,BedRight,ON,Other_Activity,None
578,2008-11-21 03:19:12,BedRight,BedRight,ON,Other_Activity,None
579,2008-11-21 03:19:14,BedRight,BedRight,ON,Other_Activity,None
580,2008-11-21 03:19:15,BedRight,BedRight,ON,Other_Activity,None
581,2008-11-21 03:19:19,BedRight,BedRight,ON,Other_Activity,None
582,2008-11-21 03:19:34,BedRight,BedRight,ON,Other_Activity,None
583,2008-11-21 03:20:37,BedRight,BedRight,ON,Other_Activity,None
584,2008-11-21 03:20:53,BedRight,BedRight,ON,Other_Activity,None
585,2008-11-21 03:20:54,BedRight,BedRight,ON,Other_Activity,None
586,2008-11-21 03:21:17,BedRight,BedRight,ON,Other_Activity,None
587,2008-11-21 03:21:25,BedRight,BedRight,ON,Other_Activity,None
588,2008-11-21 03:21:27,BedRight,BedRight,ON,Other_Activity,None
589,2008-11-21 03:22:23,BedRight,BedRight,ON,Other_Activity,None
590,2008-11-21 03:23:10,BedRight,BedRight,ON,Other_Activity,None
591,2008-11-21 03:24:18,BedRight,BedRight,ON,Other_Activity,None
592,2008-11-21 03:24:39,BedRight,BedRight,ON,Other_Activity,None
593,2008-11-21 03:24:55,BedRight,BedRight,ON,Other_Activity,None
594,2008-11-21 03:25:11,BedRight,BedRight,ON,Other_Activity,None
595,2008-11-21 03:25:15,BedRight,BedRight,ON,Other_Activity,None
596,2008-11-21 03:25:16,BedRight,BedRight,ON,Other_Activity,None
597,2008-11-21 03:25:20,BedRight,BedRight,ON,Other_Activity,None
598,2008-11-21 03:25:32,BedRight,BedRight,ON,Other_Activity,None
599,2008-11-21 03:25:43,BedRight,BedRight,ON,Other_Activity,None
600,2008-11-21 03:25:45,BedRight,BedRight,ON,Other_Activity,None
601,2008-11-21 03:25:54,BedRight,BedRight,ON,Other_Activity,None
602,2008-11-21 03:26:03,BedRight,BedRight,ON,Other_Activity,None
603,2008-11-21 03:29:18,BedRight,BedRight,ON,Other_Activity,None
604,2008-11-21 03:32:07,BedRight,BedRight,ON,Other_Activity,None
605,2008-11-21 03:32:37,BedRight,BedRight,ON,Other_Activity,None
606,2008-11-21 03:32:45,BedRight,BedRight,ON,Other_Activity,None
607,2008-11-21 03:32:55,BedRight,BedRight,ON,Other_Activity,None
608,2008-11-21 03:32:58,BedRight,BedRight,ON,Other_Activity,None
609,2008-11-21 03:33:06,BedRight,BedRight,ON,Other_Activity,None
610,2008-11-21 03:33:08,BedRight,BedRight,ON,Other_Activity,None
611,2008-11-21 03:33:50,BedRight,BedRight,ON,Other_Activity,None
612,2008-11-21 03:34:02,BedRight,BedRight,ON,Other_Activity,None
613,2008-11-21 03:34:12,BedRight,BedRight,ON,Other_Activity,None
614,2008-11-21 03:34:14,BedRight,BedRight,ON,Other_Activity,None
615,2008-11-21 03:34:16,BedRight,BedRight,ON,Other_Activity,None
616,2008-11-21 03:34:35,BedRight,BedRight,ON,Other_Activity,None
617,2008-11-21 03:34:48,BedRight,BedRight,ON,Other_Activity,None
618,2008-11-21 03:34:52,BedRight,BedRight,ON,Other_Activity,None
619,2008-11-21 03:35:12,BedRight,BedRight,ON,Other_Activity,None
620,2008-11-21 03:35:45,BedRight,BedRight,ON,Other_Activity,None
621,2008-11-21 03:36:27,BedRight,BedRight,ON,Other_Activity,None
622,2008-11-21 03:36:40,BedRight,BedRight,ON,Other_Activity,None
623,2008-11-21 03:37:05,BedRight,BedRight,ON,Other_Activity,None
624,2008-11-21 03:37:07,BedRight,BedRight,ON,Other_Activity,None
625,2008-11-21 03:37:32,BedRight,BedRight,ON,Other_Activity,None
626,2008-11-21 03:37:51,BedRight,BedRight,ON,Other_Activity,None
627,2008-11-21 03:37:52,BedRight,BedRight,ON,Other_Activity,None
628,2008-11-21 03:37:59,BedRight,BedRight,ON,Other_Activity,None
629,2008-11-21 03:38:04,BedRight,BedRight,ON,Other_Activity,None
630,2008-11-21 03:38:14,BedRight,BedRight,ON,Other_Activity,None
631,2008-11-21 03:38:19,BedRight,BedRight,ON,Other_Activity,None
632,2008-11-21 03:38:22,BedRight,BedRight,ON,Other_Activity,None
633,2008-11-21 03:38:25,BedRight,BedRight,ON,Other_Activity,None
634,2008-11-21 03:38:33,BedRight,BedRight,ON,Other_Activity,None
635,2008-11-21 03:38:41,BedRight,BedRight,ON,Other_Activity,None
636,2008-11-21 03:38:45,BedRight,BedRight,ON,Other_Activity,None
637,2008-11-21 03:38:47,BedRight,BedRight,ON,Other_Activity,None
638,2008-11-21 03:38:52,BedRight,BedRight,ON,Other_Activity,None
639,2008-11-21 03:38:58,BedRight,BedRight,ON,Other_Activity,None
640,2008-11-21 03:39:23,BedRight,BedRight,ON,Other_Activity,None
641,2008-11-21 03:39:54,BedRight,BedRight,ON,Other_Activity,None
642,2008-11-21 03:41:08,BedRight,BedRight,ON,Other_Activity,None
643,2008-11-21 03:41:21,BedRight,BedRight,ON,Other_Activity,None
644,2008-11-21 03:41:30,BedRight,BedRight,ON,Other_Activity,None
645,2008-11-21 03:41:33,BedRight,BedRight,ON,Other_Activity,None
646,2008-11-21 03:42:26,BedRight,BedRight,ON,Other_Activity,None
647,2008-11-21 03:42:55,BedRight,BedRight,ON,Other_Activity,None
648,2008-11-21 03:42:57,BedRight,BedRight,ON,Other_Activity,None
649,2008-11-21 03:43:18,BedRight,BedRight,ON,Other_Activity,None
650,2008-11-21 03:43:29,BedRight,BedRight,ON,Other_Activity,None
651,2008-11-21 03:43:59,BedRight,BedRight,ON,Other_Activity,None
652,2008-11-21 03:44:34,BedRight,BedRight,ON,Other_Activity,None
653,2008-11-21 03:44:38,BedRight,BedRight,ON,Other_Activity,None
654,2008-11-21 03:44:53,BedRight,BedRight,ON,Other_Activity,None
655,2008-11-21 03:45:50,BedRight,BedRight,ON,Other_Activity,None
656,2008-11-21 03:46:01,BedRight,BedRight,ON,Other_Activity,None
657,2008-11-21 03:46:05,BedRight,BedRight,ON,Other_Activity,None
658,2008-11-21 03:46:12,BedRight,BedRight,ON,Other_Activity,None
659,2008-11-21 03:47:10,BedRight,BedRight,ON,Other_Activity,None
660,2008-11-21 03:47:56,BedRight,BedRight,ON,Other_Activity,None
661,2008-11-21 03:47:58,BedRight,BedRight,ON,Other_Activity,None
662,2008-11-21 03:48:26,BedRight,BedRight,ON,Other_Activity,None
663,2008-11-21 03:48:29,BedRight,BedRight,ON,Other_Activity,None
664,2008-11-21 03:48:32,BedRight,BedRight,ON,Other_Activity,None
665,2008-11-21 03:48:37,BedRight,BedRight,ON,Other_Activity,None
666,2008-11-21 03:48:41,BedRight,BedRight,ON,Other_Activity,None
667,2008-11-21 03:49:23,BedRight,BedRight,ON,Other_Activity,None
668,2008-11-21 03:58:07,BedRight,BedRight,ON,Other_Activity,None
669,2008-11-21 03:59:54,BedRight,BedRight,ON,Other_Activity,None
670,2008-11-21 04:00:27,BedRight,BedRight,ON,Other_Activity,None
671,2008-11-21 04:01:51,BedRight,BedRight,ON,Other_Activity,None
672,2008-11-21 04:01:52,BedRight,BedRight,ON,Other_Activity,None
673,2008-11-21 04:02:00,BedRight,BedRight,ON,Other_Activity,None
674,2008-11-21 04:02:01,BedRight,BedRight,ON,Other_Activity,None
675,2008-11-21 04:02:09,BedRight,BedRight,ON,Other_Activity,None
676,2008-11-21 04:02:25,BedRight,BedRight,ON,Other_Activity,None
677,2008-11-21 04:03:20,BedRight,BedRight,ON,Other_Activity,None
678,2008-11-21 04:03:25,BedRight,BedRight,ON,Other_Activity,None
679,2008-11-21 04:03:30,BedRight,BedRight,ON,Other_Activity,None
680,2008-11-21 04:03:33,BedRight,BedRight,ON,Other_Activity,None
681,2008-11-21 04:03:40,BedRight,BedRight,ON,Other_Activity,None
682,2008-11-21 04:03:45,BedRight,BedRight,ON,Other_Activity,None
683,2008-11-21 04:04:25,BedRight,BedRight,ON,Other_Activity,None
684,2008-11-21 04:04:34,BedRight,BedRight,ON,Other_Activity,None
685,2008-11-21 04:04:36,BedRight,BedRight,ON,Other_Activity,None
686,2008-11-21 04:05:24,BedRight,BedRight,ON,Other_Activity,None
687,2008-11-21 04:05:42,BedRight,BedRight,ON,Other_Activity,None
688,2008-11-21 04:05:51,BedRight,BedRight,ON,Other_Activity,None
689,2008-11-21 04:05:54,BedRight,BedRight,ON,Other_Activity,None
690,2008-11-21 04:05:58,BedRight,BedRight,ON,Other_Activity,None
691,2008-11-21 04:06:05,BedRight,BedRight,ON,Other_Activity,None
692,2008-11-21 04:06:07,BedRight,BedRight,ON,Other_Activity,None
693,2008-11-21 04:06:37,BedRight,BedRight,ON,Other_Activity,None
694,2008-11-21 04:06:40,BedRight,BedRight,ON,Other_Activity,None
695,2008-11-21 04:06:42,BedRight,BedRight,ON,Other_Activity,None
696,2008-11-21 04:06:45,BedRight,BedRight,ON,Other_Activity,None
697,2008-11-21 04:06:48,BedRight,BedRight,ON,Other_Activity,None
698,2008-11-21 04:07:02,BedRight,BedRight,ON,Other_Activity,None
699,2008-11-21 04:07:04,BedRight,BedRight,ON,Other_Activity,None
700,2008-11-21 04:07:10,BedRight,BedRight,ON,Other_Activity,None
701,2008-11-21 04:07:17,BedRight,BedRight,ON,Other_Activity,None
702,2008-11-21 04:07:25,BedRight,BedRight,ON,Other_Activity,None
703,2008-11-21 04:07:28,BedRight,BedRight,ON,Other_Activity,None
704,2008-11-21 04:07:34,BedRight,BedRight,ON,Other_Activity,None
705,2008-11-21 04:07:37,BedRight,BedRight,ON,Other_Activity,None
706,2008-11-21 04:07:40,BedRight,BedRight,ON,Other_Activity,None
707,2008-11-21 04:07:43,BedRight,BedRight,ON,Other_Activity,None
708,2008-11-21 04:07:45,BedRight,BedRight,ON,Other_Activity,None
709,2008-11-21 04:07:47,BedRight,BedRight,ON,Other_Activity,None
710,2008-11-21 04:07:50,BedRight,BedRight,ON,Other_Activity,None
711,2008-11-21 04:07:52,BedRight,BedRight,ON,Other_Activity,None
712,2008-11-21 04:07:56,BedRight,BedRight,ON,Other_Activity,None
713,2008-11-21 04:07:57,BedRight,BedRight,ON,Other_Activity,None
714,2008-11-21 04:08:01,BedRight,BedRight,ON,Other_Activity,None
715,2008-11-21 04:08:03,BedRight,BedRight,ON,Other_Activity,None
716,2008-11-21 04:08:10,BedRight,BedRight,ON,Other_Activity,None
717,2008-11-21 04:08:12,BedRight,BedRight,ON,Other_Activity,None
718,2008-11-21 04:08:20,BedRight,BedRight,ON,Other_Activity,None
719,2008-11-21 04:08:24,BedRight,BedRight,ON,Other_Activity,None
720,2008-11-21 04:08:32,BedRight,BedRight,ON,Other_Activity,None
721,2008-11-21 04:08:35,BedRight,BedRight,ON,Other_Activity,None
722,2008-11-21 04:08:38,BedRight,BedRight,ON,Other_Activity,None
723,2008-11-21 04:08:42,BedRight,BedRight,ON,Other_Activity,None
724,2008-11-21 04:09:05,BedRight,BedRight,ON,Other_Activity,None
725,2008-11-21 04:09:12,BedRight,BedRight,ON,Other_Activity,None
726,2008-11-21 04:09:27,BedRight,BedRight,ON,Other_Activity,None
727,2008-11-21 04:09:29,BedRight,BedRight,ON,Other_Activity,None
728,2008-11-21 04:09:32,BedRight,BedRight,ON,Other_Activity,None
729,2008-11-21 04:09:42,BedRight,BedRight,ON,Other_Activity,None
730,2008-11-21 04:09:46,BedRight,BedRight,ON,Other_Activity,None
731,2008-11-21 04:09:49,BedRight,BedRight,ON,Other_Activity,None
732,2008-11-21 04:09:51,BedRight,BedRight,ON,Other_Activity,None
733,2008-11-21 04:10:25,BedRight,BedRight,ON,Other_Activity,None
734,2008-11-21 04:10:41,BedRight,BedRight,ON,Other_Activity,None
735,2008-11-21 04:10:54,BedRight,BedRight,ON,Other_Activity,None
736,2008-11-21 04:10:58,BedRight,BedRight,ON,Other_Activity,None
737,2008-11-21 04:11:01,BedRight,BedRight,ON,Other_Activity,None
738,2008-11-21 04:11:07,BedRight,BedRight,ON,Other_Activity,None
739,2008-11-21 04:11:08,BedRight,BedRight,ON,Other_Activity,None
740,2008-11-21 04:11:18,BedRight,BedRight,ON,Other_Activity,None
741,2008-11-21 04:11:21,BedRight,BedRight,ON,Other_Activity,None
742,2008-11-21 04:11:24,BedRight,BedRight,ON,Other_Activity,None
743,2008-11-21 04:11:30,BedRight,BedRight,ON,Other_Activity,None
744,2008-11-21 04:11:33,BedRight,BedRight,ON,Other_Activity,None
745,2008-11-21 04:11:38,BedRight,BedRight,ON,Other_Activity,None
746,2008-11-21 04:11:42,BedRight,BedRight,ON,Other_Activity,None
747,2008-11-21 04:11:48,BedRight,BedRight,ON,Other_Activity,None
748,2008-11-21 04:11:53,BedRight,BedRight,ON,Other_Activity,None
749,2008-11-21 04:11:57,BedRight,BedRight,ON,Other_Activity,None
750,2008-11-21 04:11:58,BedRight,BedRight,ON,Other_Activity,None
751,2008-11-21 04:12:00,BedRight,BedRight,ON,Other_Activity,None
752,2008-11-21 04:12:03,BedRight,BedRight,ON,Other_Activity,None
753,2008-11-21 04:12:13,BedRight,BedRight,ON,Other_Activity,None
754,2008-11-21 04:12:15,BedRight,BedRight,ON,Other_Activity,None
755,2008-11-21 04:12:32,BedRight,BedRight,ON,Other_Activity,None
756,2008-11-21 04:12:42,BedRight,BedRight,ON,Other_Activity,None
757,2008-11-21 04:12:53,BedRight,BedRight,ON,Other_Activity,None
758,2008-11-21 04:12:57,BedRight,BedRight,ON,Other_Activity,None
759,2008-11-21 04:12:58,BedRight,BedRight,ON,Other_Activity,None
760,2008-11-21 04:13:02,BedRight,BedRight,ON,Other_Activity,None
761,2008-11-21 04:13:04,BedRight,BedRight,ON,Other_Activity,None
762,2008-11-21 04:13:06,BedRight,BedRight,ON,Other_Activity,None
763,2008-11-21 04:13:08,BedRight,BedRight,ON,Other_Activity,None
764,2008-11-21 04:13:11,BedRight,BedRight,ON,Other_Activity,None
765,2008-11-21 04:13:15,BedRight,BedRight,ON,Other_Activity,None
766,2008-11-21 04:13:20,BedRight,BedRight,ON,Other_Activity,None
767,2008-11-21 04:13:23,BedRight,BedRight,ON,Other_Activity,None
768,2008-11-21 04:13:28,BedRight,BedRight,ON,Other_Activity,None
769,2008-11-21 04:13:35,BedRight,BedRight,ON,Other_Activity,None
770,2008-11-21 04:13:39,BedRight,BedRight,ON,Other_Activity,None
771,2008-11-21 04:13:43,BedRight,BedRight,ON,Other_Activity,None
772,2008-11-21 04:14:01,BedRight,BedRight,ON,Other_Activity,None
773,2008-11-21 04:14:03,BedRight,BedRight,ON,Other_Activity,None
774,2008-11-21 04:14:07,BedRight,BedRight,ON,Other_Activity,None
775,2008-11-21 04:14:10,BedRight,BedRight,ON,Other_Activity,None
776,2008-11-21 04:14:13,BedRight,BedRight,ON,Other_Activity,None
777,2008-11-21 04:14:16,BedRight,BedRight,ON,Other_Activity,None
778,2008-11-21 04:14:27,BedRight,BedRight,ON,Other_Activity,None
779,2008-11-21 04:14:36,BedRight,BedRight,ON,Other_Activity,None
780,2008-11-21 04:14:44,BedRight,BedRight,ON,Other_Activity,None
781,2008-11-21 04:14:49,BedRight,BedRight,ON,Other_Activity,None
782,2008-11-21 04:14:55,BedRight,BedRight,ON,Other_Activity,None
783,2008-11-21 04:15:01,BedRight,BedRight,ON,Other_Activity,None
784,2008-11-21 04:15:03,BedRight,BedRight,ON,Other_Activity,None
785,2008-11-21 04:15:05,BedRight,BedRight,ON,Other_Activity,None
786,2008-11-21 04:15:08,BedRight,BedRight,ON,Other_Activity,None
787,2008-11-21 04:15:10,BedRight,BedRight,ON,Other_Activity,None
788,2008-11-21 04:15:13,BedRight,BedRight,ON,Other_Activity,None
789,2008-11-21 04:15:22,BedRight,BedRight,ON,Other_Activity,None
790,2008-11-21 04:15:26,BedRight,BedRight,ON,Other_Activity,None
791,2008-11-21 04:15:30,BedRight,BedRight,ON,Other_Activity,None
792,2008-11-21 04:15:37,BedRight,BedRight,ON,Other_Activity,None
793,2008-11-21 04:15:41,BedRight,BedRight,ON,Other_Activity,None
794,2008-11-21 04:15:45,BedRight,BedRight,ON,Other_Activity,None
795,2008-11-21 04:15:58,BedRight,BedRight,ON,Other_Activity,None
796,2008-11-21 04:16:05,BedRight,BedRight,ON,Other_Activity,None
797,2008-11-21 04:16:13,BedRight,BedRight,ON,Other_Activity,None
798,2008-11-21 04:16:15,BedRight,BedRight,ON,Other_Activity,None
799,2008-11-21 04:16:18,BedRight,BedRight,ON,Other_Activity,None
800,2008-11-21 04:16:26,BedRight,BedRight,ON,Other_Activity,None
801,2008-11-21 04:16:28,BedRight,BedRight,ON,Other_Activity,None
802,2008-11-21 04:16:35,BedRight,BedRight,ON,Other_Activity,None
803,2008-11-21 04:16:51,BedRight,BedRight,ON,Other_Activity,None
804,2008-11-21 04:16:56,BedRight,BedRight,ON,Other_Activity,None
805,2008-11-21 04:16:58,BedRight,BedRight,ON,Other_Activity,None
806,2008-11-21 04:17:00,BedRight,BedRight,ON,Other_Activity,None
807,2008-11-21 04:17:03,BedRight,BedRight,ON,Other_Activity,None
808,2008-11-21 04:17:04,BedRight,BedRight,ON,Other_Activity,None
809,2008-11-21 04:17:07,BedRight,BedRight,ON,Other_Activity,None
810,2008-11-21 04:17:11,BedRight,BedRight,ON,Other_Activity,None
811,2008-11-21 04:17:14,BedRight,BedRight,ON,Other_Activity,None
812,2008-11-21 04:17:19,BedRight,BedRight,ON,Other_Activity,None
813,2008-11-21 04:17:27,BedRight,BedRight,ON,Other_Activity,None
814,2008-11-21 04:17:30,BedRight,BedRight,ON,Pat_74,GoToBed
815,2008-11-21 06:01:05,BathroomDoor,BathroomDoor,ON,Pat_74,GoToBed
816,2008-11-21 06:04:27,SinkTop,SinkTop,ON,Pat_16,BrushTeeth
817,2008-11-21 06:04:30,SinkTop,SinkTop,ON,Pat_16,BrushTeeth
818,2008-11-21 06:04:32,SinkTop,SinkTop,ON,Pat_16,BrushTeeth
819,2008-11-21 06:04:45,Bathtub,Bathtub,ON,Pat_168,UseToiletUpstairs
820,2008-11-21 06:04:51,ToiletFlushUpstairs,ToiletFlushUpstairs,ON,Pat_168,UseToiletUpstairs
821,2008-11-21 06:05:10,BathroomDoor,BathroomDoor,ON,Pat_29,UseToiletUpstairs
822,2008-11-21 06:05:24,BedroomDoor,BedroomDoor,ON,Pat_29,UseToiletUpstairs
823,2008-11-21 06:05:40,BedRight,BedRight,ON,Other_Activity,None
824,2008-11-21 06:06:30,BedRight,BedRight,ON,Other_Activity,None
825,2008-11-21 06:06:36,BedRight,BedRight,ON,Other_Activity,None
826,2008-11-21 06:07:10,BedRight,BedRight,ON,Other_Activity,None
827,2008-11-21 06:11:18,BedRight,BedRight,ON,Other_Activity,None
828,2008-11-21 06:11:43,BedRight,BedRight,ON,Other_Activity,None
829,2008-11-21 06:12:01,BedRight,BedRight,ON,Other_Activity,None
830,2008-11-21 06:12:05,BedRight,BedRight,ON,Other_Activity,None
831,2008-11-21 06:13:04,BedRight,BedRight,ON,Other_Activity,None
832,2008-11-21 06:13:12,BedRight,BedRight,ON,Other_Activity,None
833,2008-11-21 06:13:36,BedRight,BedRight,ON,Other_Activity,None
834,2008-11-21 06:14:08,BedRight,BedRight,ON,Other_Activity,None
835,2008-11-21 06:14:15,BedRight,BedRight,ON,Other_Activity,None
836,2008-11-21 06:14:32,BedRight,BedRight,ON,Other_Activity,None
837,2008-11-21 06:15:25,BedRight,BedRight,ON,Other_Activity,None
838,2008-11-21 06:15:44,BedRight,BedRight,ON,Other_Activity,None
839,2008-11-21 06:16:04,BedRight,BedRight,ON,Other_Activity,None
840,2008-11-21 06:16:22,BedRight,BedRight,ON,Other_Activity,None
841,2008-11-21 06:16:28,BedRight,BedRight,ON,Other_Activity,None
842,2008-11-21 06:16:35,BedRight,BedRight,ON,Other_Activity,None
843,2008-11-21 06:16:55,BedRight,BedRight,ON,Other_Activity,None
844,2008-11-21 06:17:01,BedRight,BedRight,ON,Other_Activity,None
845,2008-11-21 06:17:13,BedRight,BedRight,ON,Other_Activity,None
846,2008-11-21 06:17:15,BedRight,BedRight,ON,Other_Activity,None
847,2008-11-21 06:17:45,BedRight,BedRight,ON,Other_Activity,None
848,2008-11-21 06:18:06,BedRight,BedRight,ON,Other_Activity,None
849,2008-11-21 06:18:17,BedRight,BedRight,ON,Other_Activity,None
850,2008-11-21 06:18:27,BedRight,BedRight,ON,Other_Activity,None
851,2008-11-21 06:18:31,BedRight,BedRight,ON,Other_Activity,None
852,2008-11-21 06:18:34,BedRight,BedRight,ON,Other_Activity,None
853,2008-11-21 06:18:48,BedRight,BedRight,ON,Other_Activity,None
854,2008-11-21 06:18:56,BedRight,BedRight,ON,Other_Activity,None
855,2008-11-21 06:28:24,BedRight,BedRight,ON,Other_Activity,None
856,2008-11-27 07:00:00,Bathtub,Bathtub,ON,Pat_52,BrushTeeth
857,2008-11-27 07:00:02,Bathtub,Bathtub,ON,Pat_52,BrushTeeth
858,2008-11-27 07:00:05,Bathtub,Bathtub,ON,Pat_52,BrushTeeth
859,2008-11-27 07:00:06,Bathtub,Bathtub,ON,Pat_52,BrushTeeth
860,2008-11-27 07:00:08,Bathtub,Bathtub,ON,Pat_52,BrushTeeth
861,2008-11-27 07:00:10,Bathtub,Bathtub,ON,Pat_52,BrushTeeth
862,2008-11-27 07:00:14,Bathtub,Bathtub,ON,Pat_52,BrushTeeth
863,2008-11-27 07:00:19,Bathtub,Bathtub,ON,Pat_52,BrushTeeth
864,2008-11-27 07:00:23,Bathtub,Bathtub,ON,Pat_52,BrushTeeth
865,2008-11-27 07:00:42,Bathtub,Bathtub,ON,Pat_52,BrushTeeth
866,2008-11-27 07:00:44,Bathtub,Bathtub,ON,Pat_52,BrushTeeth
867,2008-11-27 07:00:59,Bathtub,Bathtub,ON,Pat_52,BrushTeeth
868,2008-11-27 07:01:01,Bathtub,Bathtub,ON,Pat_52,BrushTeeth
869,2008-11-27 07:01:03,Bathtub,Bathtub,ON,Pat_52,BrushTeeth
870,2008-11-27 07:01:05,Bathtub,Bathtub,ON,Pat_52,BrushTeeth
871,2008-11-27 07:01:09,Bathtub,Bathtub,ON,Pat_52,BrushTeeth
872,2008-11-27 07:01:14,Bathtub,Bathtub,ON,Pat_52,BrushTeeth
873,2008-11-27 07:01:21,Bathtub,Bathtub,ON,Pat_52,BrushTeeth
874,2008-11-27 07:01:22,Bathtub,Bathtub,ON,Pat_52,BrushTeeth
875,2008-11-27 07:01:26,Bathtub,Bathtub,ON,Pat_6,BrushTeeth
876,2008-11-27 07:01:32,Bathtub,Bathtub,ON,Pat_6,BrushTeeth
877,2008-11-27 07:01:34,Bathtub,Bathtub,ON,Pat_6,BrushTeeth
878,2008-11-27 07:01:37,Bathtub,Bathtub,ON,Pat_6,BrushTeeth
879,2008-11-27 07:01:41,Bathtub,Bathtub,ON,Pat_6,BrushTeeth
880,2008-11-27 07:01:45,Bathtub,Bathtub,ON,Pat_6,BrushTeeth
881,2008-11-27 07:02:38,SinkTop,SinkTop,ON,Pat_39,BrushTeeth
882,2008-11-27 07:02:44,Bathtub,Bathtub,ON,Pat_39,BrushTeeth
883,2008-11-27 07:03:17,Bathtub,Bathtub,ON,Pat_39,BrushTeeth
884,2008-11-27 07:03:19,Bathtub,Bathtub,ON,Pat_39,BrushTeeth
885,2008-11-27 07:03:23,Bathtub,Bathtub,ON,Pat_39,BrushTeeth
886,2008-11-27 07:03:49,SinkTop,SinkTop,ON,Pat_118,TakeShower
887,2008-11-27 07:03:49,SinkTop,SinkTop,ON,Pat_118,BrushTeeth
888,2008-11-27 07:03:53,Bathtub,Bathtub,ON,Pat_118,TakeShower
889,2008-11-27 07:03:53,Bathtub,Bathtub,ON,Pat_118,BrushTeeth
890,2008-11-27 07:03:56,Bathtub,Bathtub,ON,Pat_118,TakeShower
891,2008-11-27 07:03:56,Bathtub,Bathtub,ON,Pat_118,BrushTeeth
892,2008-11-27 07:04:58,BathroomDoor,BathroomDoor,ON,Pat_118,TakeShower
893,2008-11-27 07:04:58,BathroomDoor,BathroomDoor,ON,Pat_118,BrushTeeth
894,2008-11-27 07:05:01,BathroomDoor,BathroomDoor,ON,Pat_118,TakeShower
895,2008-11-27 07:05:01,BathroomDoor,BathroomDoor,ON,Pat_118,BrushTeeth
896,2008-11-27 07:05:23,Dresser,Dresser,ON,Pat_129,GetDressed
897,2008-11-27 07:05:27,Dresser,Dresser,ON,Pat_129,GetDressed
898,2008-11-27 07:05:36,BedLeft,BedLeft,ON,Pat_129,GetDressed
899,2008-11-27 07:05:38,BedLeft,BedLeft,ON,Pat_129,GetDressed
900,2008-11-27 07:08:18,BedroomDoor,BedroomDoor,ON,Pat_129,GetDressed
901,2008-11-27 07:09:58,Couch,Couch,ON,Pat_89,Relax
902,2008-11-27 07:10:50,Couch,Couch,ON,Pat_89,Relax
903,2008-11-27 07:12:47,BedroomDoor,BedroomDoor,ON,Pat_89,Relax
904,2008-11-27 07:14:38,Frontdoor,Frontdoor,ON,Other_Activity,None
905,2008-11-27 07:16:40,Fridge,Fridge,ON,Pat_34,PrepareBreakfast
906,2008-11-27 07:16:41,Cutlery,Cutlery,ON,Pat_34,PrepareBreakfast
907,2008-11-27 07:16:46,PlatesCupboard,PlatesCupboard,ON,Pat_66,PrepareBreakfast
908,2008-11-27 07:16:50,Cutlery,Cutlery,ON,Pat_66,PrepareBreakfast
909,2008-11-27 07:17:42,Fridge,Fridge,ON,Pat_14,PrepareBreakfast
910,2008-11-27 07:18:04,Fridge,Fridge,ON,Pat_14,PrepareBreakfast
911,2008-11-27 07:22:12,Frontdoor,Frontdoor,ON,Pat_15,LeaveHouse
912,2008-11-27 17:18:01,Frontdoor,Frontdoor,ON,Pat_15,LeaveHouse
913,2008-11-27 17:21:01,Fridge,Fridge,ON,Pat_76,PrepareDinner
914,2008-11-27 17:22:43,Fridge,Fridge,ON,Pat_76,PrepareDinner
915,2008-11-27 17:22:49,Fridge,Fridge,ON,Pat_76,PrepareDinner
916,2008-11-27 17:24:56,Fridge,Fridge,ON,Pat_76,PrepareDinner
917,2008-11-27 17:25:04,Fridge,Fridge,ON,Pat_76,PrepareDinner
918,2008-11-27 17:26:15,PlatesCupboard,PlatesCupboard,ON,Pat_66,PrepareDinner
919,2008-11-27 17:26:31,Cutlery,Cutlery,ON,Pat_66,PrepareDinner
920,2008-11-27 17:28:52,PlatesCupboard,PlatesCupboard,ON,Pat_66,PrepareDinner
921,2008-11-27 17:36:36,Cutlery,Cutlery,ON,Pat_66,PrepareDinner
922,2008-11-27 17:36:38,Cutlery,Cutlery,ON,Pat_66,PrepareDinner
923,2008-11-27 17:41:20,Fridge,Fridge,ON,Pat_59,Relax
924,2008-11-27 17:41:20,Fridge,Fridge,ON,Pat_59,PrepareDinner
925,2008-11-27 17:42:08,Couch,Couch,ON,Pat_59,Relax
926,2008-11-27 17:42:08,Couch,Couch,ON,Pat_59,PrepareDinner
927,2008-11-27 17:46:47,Cutlery,Cutlery,ON,Pat_8,PrepareDinner
928,2008-11-27 17:46:48,Cutlery,Cutlery,ON,Pat_8,PrepareDinner
929,2008-11-27 17:46:50,Cutlery,Cutlery,ON,Pat_8,PrepareDinner
930,2008-11-27 17:47:07,Cutlery,Cutlery,ON,Pat_8,PrepareDinner
931,2008-11-27 17:47:16,Fridge,Fridge,ON,Pat_34,PrepareDinner
932,2008-11-27 17:47:33,Cutlery,Cutlery,ON,Pat_34,PrepareDinner
933,2008-11-27 17:47:57,Couch,Couch,ON,Pat_73,Eating
934,2008-11-27 17:47:57,Couch,Couch,ON,Pat_73,PrepareDinner
935,2008-11-27 17:48:38,Couch,Couch,ON,Pat_73,Eating
936,2008-11-27 17:48:38,Couch,Couch,ON,Pat_73,PrepareDinner
937,2008-11-27 17:59:15,Couch,Couch,ON,Pat_73,Eating
938,2008-11-27 17:59:15,Couch,Couch,ON,Pat_73,PrepareDinner
939,2008-11-27 18:00:33,Fridge,Fridge,ON,Pat_73,Eating
940,2008-11-27 18:00:33,Fridge,Fridge,ON,Pat_73,PrepareDinner
941,2008-11-27 18:01:01,Couch,Couch,ON,Pat_78,Relax
942,2008-11-27 18:01:01,Couch,Couch,ON,Pat_78,UseToiletDownstairs
943,2008-11-27 18:03:05,Couch,Couch,ON,Pat_78,Relax
944,2008-11-27 18:03:05,Couch,Couch,ON,Pat_78,UseToiletDownstairs
945,2008-11-27 18:07:10,ToiletDoorDownstairs,ToiletDoorDownstairs,ON,Pat_78,Relax
946,2008-11-27 18:07:10,ToiletDoorDownstairs,ToiletDoorDownstairs,ON,Pat_78,UseToiletDownstairs
947,2008-11-27 18:07:54,ToiletDoorDownstairs,ToiletDoorDownstairs,ON,Pat_78,Relax
948,2008-11-27 18:07:54,ToiletDoorDownstairs,ToiletDoorDownstairs,ON,Pat_78,UseToiletDownstairs
949,2008-11-27 18:08:31,ToiletFlushDownstairs,ToiletFlushDownstairs,ON,Pat_78,Relax
950,2008-11-27 18:08:31,ToiletFlushDownstairs,ToiletFlushDownstairs,ON,Pat_78,UseToiletDownstairs
951,2008-11-27 18:09:27,BathroomDoor,BathroomDoor,ON,Pat_149,Shave
952,2008-11-27 18:09:29,BathroomDoor,BathroomDoor,ON,Pat_149,Shave
953,2008-11-27 18:10:06,SinkTop,SinkTop,ON,Pat_149,Shave
954,2008-11-27 18:10:19,SinkTop,SinkTop,ON,Pat_149,Shave
955,2008-11-27 18:12:07,SinkTop,SinkTop,ON,Pat_149,Shave
956,2008-11-27 18:12:14,Bathtub,Bathtub,ON,Pat_6,BrushTeeth
957,2008-11-27 18:12:18,Bathtub,Bathtub,ON,Pat_6,BrushTeeth
958,2008-11-27 18:12:24,Bathtub,Bathtub,ON,Pat_6,BrushTeeth
959,2008-11-27 18:12:29,Bathtub,Bathtub,ON,Pat_6,BrushTeeth
960,2008-11-27 18:12:55,Bathtub,Bathtub,ON,Pat_6,BrushTeeth
961,2008-11-27 18:13:00,Bathtub,Bathtub,ON,Pat_6,BrushTeeth
962,2008-11-27 18:13:06,Bathtub,Bathtub,ON,Pat_6,BrushTeeth
963,2008-11-27 18:13:13,Bathtub,Bathtub,ON,Pat_6,BrushTeeth
964,2008-11-27 18:13:44,BathroomDoor,BathroomDoor,ON,Pat_183,Relax
965,2008-11-27 18:13:44,BathroomDoor,BathroomDoor,ON,Pat_183,LeaveHouse
966,2008-11-27 18:14:13,BedroomDoor,BedroomDoor,ON,Pat_183,Relax
967,2008-11-27 18:14:13,BedroomDoor,BedroomDoor,ON,Pat_183,LeaveHouse
968,2008-11-27 18:17:40,Couch,Couch,ON,Pat_183,Relax
969,2008-11-27 18:17:40,Couch,Couch,ON,Pat_183,LeaveHouse
970,2008-11-27 18:24:41,Frontdoor,Frontdoor,ON,Pat_183,Relax
971,2008-11-27 18:24:41,Frontdoor,Frontdoor,ON,Pat_183,LeaveHouse
972,2008-11-27 20:12:53,Frontdoor,Frontdoor,ON,Pat_183,Relax
973,2008-11-27 20:12:53,Frontdoor,Frontdoor,ON,Pat_183,LeaveHouse
974,2008-11-27 20:17:02,ToiletDoorDownstairs,ToiletDoorDownstairs,ON,Pat_13,UseToiletDownstairs
975,2008-11-27 20:19:40,ToiletDoorDownstairs,ToiletDoorDownstairs,ON,Pat_13,UseToiletDownstairs
976,2008-11-27 20:20:07,ToiletFlushDownstairs,ToiletFlushDownstairs,ON,Pat_13,UseToiletDownstairs
977,2008-11-27 20:21:16,Frontdoor,Frontdoor,ON,Pat_43,Relax
978,2008-11-27 20:21:16,Frontdoor,Frontdoor,ON,Pat_43,LeaveHouse
979,2008-11-27 22:39:05,Frontdoor,Frontdoor,ON,Pat_43,Relax
980,2008-11-27 22:39:05,Frontdoor,Frontdoor,ON,Pat_43,LeaveHouse
981,2008-11-27 22:41:25,Couch,Couch,ON,Pat_43,Relax
982,2008-11-27 22:41:25,Couch,Couch,ON,Pat_43,LeaveHouse
983,2008-11-27 22:43:56,Fridge,Fridge,ON,Pat_141,Relax
984,2008-11-27 22:43:56,Fridge,Fridge,ON,Pat_141,GetSnack
985,2008-11-27 22:44:01,Fridge,Fridge,ON,Pat_141,Relax
986,2008-11-27 22:44:01,Fridge,Fridge,ON,Pat_141,GetSnack
987,2008-11-27 22:44:45,Couch,Couch,ON,Pat_141,Relax
988,2008-11-27 22:44:45,Couch,Couch,ON,Pat_141,GetSnack
989,2008-11-27 23:11:54,CupboardCups,CupboardCups,ON,Pat_70,GetDrink
990,2008-11-27 23:11:54,CupboardCups,CupboardCups,ON,Pat_70,GetSnack
991,2008-11-27 23:14:21,Cutlery,Cutlery,ON,Pat_70,GetDrink
992,2008-11-27 23:14:21,Cutlery,Cutlery,ON,Pat_70,GetSnack
993,2008-11-27 23:14:30,Couch,Couch,ON,Pat_78,Relax
994,2008-11-27 23:14:30,Couch,Couch,ON,Pat_78,UseToiletDownstairs
995,2008-11-27 23:20:06,Couch,Couch,ON,Pat_78,Relax
996,2008-11-27 23:20:06,Couch,Couch,ON,Pat_78,UseToiletDownstairs
997,2008-11-28 00:13:52,ToiletDoorDownstairs,ToiletDoorDownstairs,ON,Pat_78,Relax
998,2008-11-28 00:13:52,ToiletDoorDownstairs,ToiletDoorDownstairs,ON,Pat_78,UseToiletDownstairs
999,2008-11-28 00:14:33,ToiletDoorDownstairs,ToiletDoorDownstairs,ON,Pat_78,Relax
1000,2008-11-28 00:14:33,ToiletDoorDownstairs,ToiletDoorDownstairs,ON,Pat_78,UseToiletDownstairs
1001,2008-11-28 00:15:01,ToiletFlushDownstairs,ToiletFlushDownstairs,ON,Pat_78,Relax
1002,2008-11-28 00:15:01,ToiletFlushDownstairs,ToiletFlushDownstairs,ON,Pat_78,UseToiletDownstairs
1003,2008-11-28 00:19:22,BathroomDoor,BathroomDoor,ON,Pat_12,TakeMedication
1004,2008-11-28 00:19:24,BathroomDoor,BathroomDoor,ON,Pat_12,TakeMedication
1005,2008-11-28 00:19:27,BathroomDoor,BathroomDoor,ON,Pat_12,TakeMedication
1006,2008-11-28 00:20:12,SinkTop,SinkTop,ON,Pat_39,BrushTeeth
1007,2008-11-28 00:20:18,Bathtub,Bathtub,ON,Pat_39,BrushTeeth
1008,2008-11-28 00:20:22,Bathtub,Bathtub,ON,Pat_39,BrushTeeth
1009,2008-11-28 00:21:53,SinkTop,SinkTop,ON,Pat_16,TakeMedication
1010,2008-11-28 00:21:58,SinkTop,SinkTop,ON,Pat_16,TakeMedication
1011,2008-11-28 00:22:02,SinkTop,SinkTop,ON,Pat_16,TakeMedication
1012,2008-11-28 00:22:04,Bathtub,Bathtub,ON,Pat_2,BrushTeeth
1013,2008-11-28 00:22:07,Bathtub,Bathtub,ON,Pat_2,BrushTeeth
1014,2008-11-28 00:22:11,Bathtub,Bathtub,ON,Pat_2,BrushTeeth
1015,2008-11-28 00:22:13,Bathtub,Bathtub,ON,Pat_2,BrushTeeth
1016,2008-11-28 00:23:16,BathroomDoor,BathroomDoor,ON,Pat_114,TakeMedication
1017,2008-11-28 00:23:18,BathroomDoor,BathroomDoor,ON,Pat_114,TakeMedication
1018,2008-11-28 00:23:29,BedroomDoor,BedroomDoor,ON,Pat_114,TakeMedication
1019,2008-11-28 00:24:17,BedRight,BedRight,ON,Other_Activity,None
1020,2008-11-28 00:24:25,BedRight,BedRight,ON,Other_Activity,None
1021,2008-11-28 00:24:34,BedRight,BedRight,ON,Other_Activity,None
1022,2008-11-28 01:28:01,BedRight,BedRight,ON,Other_Activity,None
1023,2008-11-28 01:38:51,BedRight,BedRight,ON,Other_Activity,None
1024,2008-11-28 01:38:56,BedRight,BedRight,ON,Other_Activity,None
1025,2008-11-28 01:39:52,BedRight,BedRight,ON,Other_Activity,None
1026,2008-11-28 01:40:13,BedRight,BedRight,ON,Other_Activity,None
1027,2008-11-28 01:40:16,BedRight,BedRight,ON,Other_Activity,None
1028,2008-11-28 01:40:38,BedRight,BedRight,ON,Other_Activity,None
1029,2008-11-28 01:40:51,BedRight,BedRight,ON,Other_Activity,None
1030,2008-11-28 01:45:05,BedRight,BedRight,ON,Other_Activity,None
1031,2008-11-28 01:45:09,BedRight,BedRight,ON,Other_Activity,None
1032,2008-11-28 01:45:11,BedRight,BedRight,ON,Other_Activity,None
1033,2008-11-28 01:45:15,BedRight,BedRight,ON,Other_Activity,None
1034,2008-11-28 01:45:27,BedRight,BedRight,ON,Other_Activity,None
1035,2008-11-28 01:46:25,BedRight,BedRight,ON,Other_Activity,None
1036,2008-11-28 01:47:18,BedRight,BedRight,ON,Other_Activity,None
1037,2008-11-28 01:47:24,BedRight,BedRight,ON,Other_Activity,None
1038,2008-11-28 01:47:27,BedRight,BedRight,ON,Other_Activity,None
1039,2008-11-28 01:47:40,BedRight,BedRight,ON,Other_Activity,None
1040,2008-11-28 01:47:50,BedRight,BedRight,ON,Other_Activity,None
1041,2008-11-28 01:47:55,BedRight,BedRight,ON,Other_Activity,None
1042,2008-11-28 01:47:56,BedRight,BedRight,ON,Other_Activity,None
1043,2008-11-28 01:48:00,BedRight,BedRight,ON,Other_Activity,None
1044,2008-11-28 01:48:03,BedRight,BedRight,ON,Other_Activity,None
1045,2008-11-28 01:48:08,BedRight,BedRight,ON,Other_Activity,None
1046,2008-11-28 01:48:11,BedRight,BedRight,ON,Other_Activity,None
1047,2008-11-28 01:48:13,BedRight,BedRight,ON,Other_Activity,None
1048,2008-11-28 01:48:16,BedRight,BedRight,ON,Other_Activity,None
1049,2008-11-28 01:48:29,BedRight,BedRight,ON,Other_Activity,None
1050,2008-11-28 01:48:30,BedRight,BedRight,ON,Other_Activity,None
1051,2008-11-28 01:48:32,BedRight,BedRight,ON,Other_Activity,None
1052,2008-11-28 01:48:35,BedRight,BedRight,ON,Other_Activity,None
1053,2008-11-28 01:48:40,BedRight,BedRight,ON,Other_Activity,None
1054,2008-11-28 01:48:47,BedRight,BedRight,ON,Other_Activity,None
1055,2008-11-28 01:48:50,BedRight,BedRight,ON,Other_Activity,None
1056,2008-11-28 01:48:56,BedRight,BedRight,ON,Other_Activity,None
1057,2008-11-28 01:48:57,BedRight,BedRight,ON,Other_Activity,None
1058,2008-11-28 01:48:59,BedRight,BedRight,ON,Other_Activity,None
1059,2008-11-28 01:49:03,BedRight,BedRight,ON,Other_Activity,None
1060,2008-11-28 01:49:39,BedRight,BedRight,ON,Other_Activity,None
1061,2008-11-28 01:51:03,BedRight,BedRight,ON,Other_Activity,None
1062,2008-11-28 01:51:20,BedRight,BedRight,ON,Other_Activity,None
1063,2008-11-28 01:51:22,BedRight,BedRight,ON,Other_Activity,None
1064,2008-11-28 01:51:31,BedRight,BedRight,ON,Other_Activity,None
1065,2008-11-28 02:04:22,BedRight,BedRight,ON,Other_Activity,None
1066,2008-11-28 02:04:26,BedRight,BedRight,ON,Other_Activity,None
1067,2008-11-28 02:04:30,BedRight,BedRight,ON,Other_Activity,None
1068,2008-11-28 02:15:42,BedRight,BedRight,ON,Other_Activity,None
1069,2008-11-28 03:24:16,BedRight,BedRight,ON,Other_Activity,None
1070,2008-11-28 03:24:18,BedRight,BedRight,ON,Other_Activity,None
1071,2008-11-28 03:31:14,BedRight,BedRight,ON,Other_Activity,None
1072,2008-11-28 03:31:18,BedRight,BedRight,ON,Other_Activity,None
1073,2008-11-28 03:53:12,BedRight,BedRight,ON,Other_Activity,None
1074,2008-11-28 04:04:58,BedRight,BedRight,ON,Other_Activity,None
1075,2008-11-28 04:31:55,BedRight,BedRight,ON,Other_Activity,None
1076,2008-11-28 04:55:47,BedRight,BedRight,ON,Other_Activity,None
1077,2008-11-28 04:55:50,BedRight,BedRight,ON,Other_Activity,None
1078,2008-11-28 05:03:00,BedRight,BedRight,ON,Other_Activity,None
1079,2008-11-28 05:05:20,BedRight,BedRight,ON,Other_Activity,None
1080,2008-11-28 05:06:13,BedRight,BedRight,ON,Other_Activity,None
1081,2008-11-28 05:18:37,BedRight,BedRight,ON,Other_Activity,None
1082,2008-11-28 05:18:41,BedRight,BedRight,ON,Other_Activity,None
1083,2008-11-28 05:28:34,BedRight,BedRight,ON,Other_Activity,None
1084,2008-11-28 05:45:26,BedRight,BedRight,ON,Other_Activity,None
1085,2008-11-28 05:46:00,BedRight,BedRight,ON,Other_Activity,None
1086,2008-11-28 05:47:10,BedRight,BedRight,ON,Other_Activity,None
1087,2008-11-28 05:47:35,BedRight,BedRight,ON,Other_Activity,None
1088,2008-11-28 05:47:38,BedRight,BedRight,ON,Other_Activity,None
1089,2008-11-28 05:47:42,BedRight,BedRight,ON,Other_Activity,None
1090,2008-11-28 05:47:46,BedRight,BedRight,ON,Other_Activity,None
1091,2008-11-28 05:47:49,BedRight,BedRight,ON,Other_Activity,None
1092,2008-11-28 05:47:55,BedRight,BedRight,ON,Other_Activity,None
1093,2008-11-28 05:49:09,BedRight,BedRight,ON,Other_Activity,None
1094,2008-11-28 05:49:40,BedRight,BedRight,ON,Other_Activity,None
1095,2008-11-28 05:49:42,BedRight,BedRight,ON,Other_Activity,None
1096,2008-11-28 06:45:23,BedRight,BedRight,ON,Other_Activity,None
1097,2008-11-28 06:45:26,BedRight,BedRight,ON,Other_Activity,None
1098,2008-11-28 06:45:43,BedRight,BedRight,ON,Other_Activity,None
1099,2008-11-28 06:45:46,BedRight,BedRight,ON,Other_Activity,None
1100,2008-11-28 06:45:56,BedRight,BedRight,ON,Other_Activity,None
1101,2008-11-28 06:46:30,BedRight,BedRight,ON,Other_Activity,None
1102,2008-11-28 06:46:33,BedRight,BedRight,ON,Other_Activity,None
1103,2008-11-28 06:46:36,BedRight,BedRight,ON,Other_Activity,None
1104,2008-11-28 06:46:40,BedRight,BedRight,ON,Other_Activity,None
1105,2008-11-28 06:46:53,BedRight,BedRight,ON,Other_Activity,None
1106,2008-11-28 06:46:56,BedRight,BedRight,ON,Other_Activity,None
1107,2008-11-28 06:47:03,BedRight,BedRight,ON,Other_Activity,None
1108,2008-11-28 06:47:11,BedRight,BedRight,ON,Other_Activity,None
1109,2008-11-28 06:53:22,BedRight,BedRight,ON,Other_Activity,None
1110,2008-11-28 06:53:30,BedRight,BedRight,ON,Other_Activity,None
1111,2008-11-28 06:57:26,BedRight,BedRight,ON,Other_Activity,None
1112,2008-11-28 06:57:28,BedRight,BedRight,ON,Other_Activity,None
1113,2008-11-28 06:57:32,BedRight,BedRight,ON,Other_Activity,None
1114,2008-11-28 06:57:37,BedRight,BedRight,ON,Other_Activity,None
1115,2008-11-28 06:57:39,BedRight,BedRight,ON,Other_Activity,None
1116,2008-12-04 07:00:01,Bathtub,Bathtub,ON,Pat_10,UseToiletUpstairs
1117,2008-12-04 07:00:06,Bathtub,Bathtub,ON,Pat_10,UseToiletUpstairs
1118,2008-12-04 07:00:10,BathroomDoor,BathroomDoor,ON,Pat_10,UseToiletUpstairs
1119,2008-12-04 07:00:32,ToiletFlushUpstairs,ToiletFlushUpstairs,ON,Other_Activity,None
1120,2008-12-04 07:00:40,Frontdoor,Frontdoor,ON,Other_Activity,None
1121,2008-12-04 07:01:13,Bathtub,Bathtub,ON,Pat_52,BrushTeeth
1122,2008-12-04 07:01:15,Bathtub,Bathtub,ON,Pat_52,BrushTeeth
1123,2008-12-04 07:01:17,Bathtub,Bathtub,ON,Pat_52,BrushTeeth
1124,2008-12-04 07:01:19,Bathtub,Bathtub,ON,Pat_52,BrushTeeth
1125,2008-12-04 07:01:22,Bathtub,Bathtub,ON,Pat_52,BrushTeeth
1126,2008-12-04 07:01:24,Bathtub,Bathtub,ON,Pat_52,BrushTeeth
1127,2008-12-04 07:01:26,Bathtub,Bathtub,ON,Pat_52,BrushTeeth
1128,2008-12-04 07:01:28,Bathtub,Bathtub,ON,Pat_52,BrushTeeth
1129,2008-12-04 07:01:32,Bathtub,Bathtub,ON,Pat_52,BrushTeeth
1130,2008-12-04 07:01:34,Bathtub,Bathtub,ON,Pat_52,BrushTeeth
1131,2008-12-04 07:01:37,Bathtub,Bathtub,ON,Pat_52,BrushTeeth
1132,2008-12-04 07:01:40,Bathtub,Bathtub,ON,Pat_52,BrushTeeth
1133,2008-12-04 07:01:42,Bathtub,Bathtub,ON,Pat_52,BrushTeeth
1134,2008-12-04 07:01:45,Bathtub,Bathtub,ON,Pat_52,BrushTeeth
1135,2008-12-04 07:01:48,Bathtub,Bathtub,ON,Pat_52,BrushTeeth
1136,2008-12-04 07:01:50,Bathtub,Bathtub,ON,Pat_52,BrushTeeth
1137,2008-12-04 07:01:52,Bathtub,Bathtub,ON,Pat_52,BrushTeeth
1138,2008-12-04 07:01:54,Bathtub,Bathtub,ON,Pat_52,BrushTeeth
1139,2008-12-04 07:01:56,Bathtub,Bathtub,ON,Pat_52,BrushTeeth
1140,2008-12-04 07:01:58,Bathtub,Bathtub,ON,Pat_52,BrushTeeth
1141,2008-12-04 07:02:01,Bathtub,Bathtub,ON,Pat_52,BrushTeeth
1142,2008-12-04 07:02:06,Bathtub,Bathtub,ON,Pat_52,BrushTeeth
1143,2008-12-04 07:02:07,Bathtub,Bathtub,ON,Pat_52,BrushTeeth
1144,2008-12-04 07:02:12,Bathtub,Bathtub,ON,Pat_52,BrushTeeth
1145,2008-12-04 07:02:14,Bathtub,Bathtub,ON,Pat_52,BrushTeeth
1146,2008-12-04 07:02:18,Bathtub,Bathtub,ON,Pat_52,BrushTeeth
1147,2008-12-04 07:02:22,Bathtub,Bathtub,ON,Pat_52,BrushTeeth
1148,2008-12-04 07:02:24,Bathtub,Bathtub,ON,Pat_52,BrushTeeth
1149,2008-12-04 07:02:28,Bathtub,Bathtub,ON,Pat_52,BrushTeeth
1150,2008-12-04 07:02:30,Bathtub,Bathtub,ON,Pat_52,BrushTeeth
1151,2008-12-04 07:02:32,Bathtub,Bathtub,ON,Pat_52,BrushTeeth
1152,2008-12-04 07:02:35,Bathtub,Bathtub,ON,Pat_52,BrushTeeth
1153,2008-12-04 07:02:38,Bathtub,Bathtub,ON,Pat_52,BrushTeeth
1154,2008-12-04 07:02:40,Bathtub,Bathtub,ON,Pat_52,BrushTeeth
1155,2008-12-04 07:02:44,Bathtub,Bathtub,ON,Pat_52,BrushTeeth
1156,2008-12-04 07:02:47,Bathtub,Bathtub,ON,Pat_52,BrushTeeth
1157,2008-12-04 07:02:50,Bathtub,Bathtub,ON,Pat_52,BrushTeeth
1158,2008-12-04 07:02:52,Bathtub,Bathtub,ON,Pat_52,BrushTeeth
1159,2008-12-04 07:02:56,Bathtub,Bathtub,ON,Pat_52,BrushTeeth
1160,2008-12-04 07:02:59,Bathtub,Bathtub,ON,Pat_52,BrushTeeth
1161,2008-12-04 07:03:01,Bathtub,Bathtub,ON,Pat_52,BrushTeeth
1162,2008-12-04 07:03:03,Bathtub,Bathtub,ON,Pat_52,BrushTeeth
1163,2008-12-04 07:03:06,Bathtub,Bathtub,ON,Pat_52,BrushTeeth
1164,2008-12-04 07:03:08,Bathtub,Bathtub,ON,Pat_52,BrushTeeth
1165,2008-12-04 07:03:10,Bathtub,Bathtub,ON,Pat_52,BrushTeeth
1166,2008-12-04 07:03:12,Bathtub,Bathtub,ON,Pat_52,BrushTeeth
1167,2008-12-04 07:03:16,Bathtub,Bathtub,ON,Pat_52,BrushTeeth
1168,2008-12-04 07:03:18,Bathtub,Bathtub,ON,Pat_52,BrushTeeth
1169,2008-12-04 07:03:19,Bathtub,Bathtub,ON,Pat_52,BrushTeeth
1170,2008-12-04 07:03:21,Bathtub,Bathtub,ON,Pat_52,BrushTeeth
1171,2008-12-04 07:03:25,Bathtub,Bathtub,ON,Pat_52,BrushTeeth
1172,2008-12-04 07:03:27,Bathtub,Bathtub,ON,Pat_52,BrushTeeth
1173,2008-12-04 07:03:30,Bathtub,Bathtub,ON,Pat_52,BrushTeeth
1174,2008-12-04 07:03:34,Bathtub,Bathtub,ON,Pat_52,BrushTeeth
1175,2008-12-04 07:03:37,Bathtub,Bathtub,ON,Pat_52,BrushTeeth
1176,2008-12-04 07:03:40,Bathtub,Bathtub,ON,Pat_52,BrushTeeth
1177,2008-12-04 07:03:41,Bathtub,Bathtub,ON,Pat_52,BrushTeeth
1178,2008-12-04 07:03:42,Bathtub,Bathtub,ON,Pat_52,BrushTeeth
1179,2008-12-04 07:03:45,Bathtub,Bathtub,ON,Pat_52,BrushTeeth
1180,2008-12-04 07:03:46,Bathtub,Bathtub,ON,Pat_52,BrushTeeth
1181,2008-12-04 07:03:48,Bathtub,Bathtub,ON,Pat_52,BrushTeeth
1182,2008-12-04 07:03:50,Bathtub,Bathtub,ON,Pat_52,BrushTeeth
1183,2008-12-04 07:03:54,Bathtub,Bathtub,ON,Pat_52,BrushTeeth
1184,2008-12-04 07:03:59,Bathtub,Bathtub,ON,Pat_52,BrushTeeth
1185,2008-12-04 07:04:03,Bathtub,Bathtub,ON,Pat_52,BrushTeeth
1186,2008-12-04 07:04:04,Bathtub,Bathtub,ON,Pat_52,BrushTeeth
1187,2008-12-04 07:04:09,Bathtub,Bathtub,ON,Pat_52,BrushTeeth
1188,2008-12-04 07:04:12,Bathtub,Bathtub,ON,Pat_52,BrushTeeth
1189,2008-12-04 07:04:15,Bathtub,Bathtub,ON,Pat_52,BrushTeeth
1190,2008-12-04 07:04:17,Bathtub,Bathtub,ON,Pat_52,BrushTeeth
1191,2008-12-04 07:04:19,Bathtub,Bathtub,ON,Pat_52,BrushTeeth
1192,2008-12-04 07:04:21,Bathtub,Bathtub,ON,Pat_52,BrushTeeth
1193,2008-12-04 07:04:24,Bathtub,Bathtub,ON,Pat_52,BrushTeeth
1194,2008-12-04 07:04:26,Bathtub,Bathtub,ON,Pat_52,BrushTeeth
1195,2008-12-04 07:04:28,Bathtub,Bathtub,ON,Pat_52,BrushTeeth
1196,2008-12-04 07:04:32,Bathtub,Bathtub,ON,Pat_52,BrushTeeth
1197,2008-12-04 07:04:33,Bathtub,Bathtub,ON,Pat_52,BrushTeeth
1198,2008-12-04 07:04:35,Bathtub,Bathtub,ON,Pat_52,BrushTeeth
1199,2008-12-04 07:04:39,Bathtub,Bathtub,ON,Pat_52,BrushTeeth
1200,2008-12-04 07:04:41,Bathtub,Bathtub,ON,Pat_52,BrushTeeth
1201,2008-12-04 07:04:43,Bathtub,Bathtub,ON,Pat_6,BrushTeeth
1202,2008-12-04 07:04:45,Bathtub,Bathtub,ON,Pat_6,BrushTeeth
1203,2008-12-04 07:04:47,Bathtub,Bathtub,ON,Pat_6,BrushTeeth
1204,2008-12-04 07:04:50,Bathtub,Bathtub,ON,Pat_6,BrushTeeth
1205,2008-12-04 07:04:56,Bathtub,Bathtub,ON,Pat_6,BrushTeeth
1206,2008-12-04 07:04:59,Bathtub,Bathtub,ON,Pat_6,BrushTeeth
1207,2008-12-04 07:05:03,Bathtub,Bathtub,ON,Pat_6,BrushTeeth
1208,2008-12-04 07:06:18,Bathtub,Bathtub,ON,Pat_6,BrushTeeth
1209,2008-12-04 07:06:21,Bathtub,Bathtub,ON,Pat_6,BrushTeeth
1210,2008-12-04 07:06:48,Dresser,Dresser,ON,Pat_129,GetDressed
1211,2008-12-04 07:06:52,Dresser,Dresser,ON,Pat_129,GetDressed
1212,2008-12-04 07:06:58,BedLeft,BedLeft,ON,Pat_129,GetDressed
1213,2008-12-04 07:09:32,BedroomDoor,BedroomDoor,ON,Pat_129,GetDressed
1214,2008-12-04 07:09:40,BathroomDoor,BathroomDoor,ON,Pat_129,GetDressed
1215,2008-12-04 07:11:50,Couch,Couch,ON,Pat_43,Relax
1216,2008-12-04 07:11:50,Couch,Couch,ON,Pat_43,LeaveHouse
1217,2008-12-04 07:12:10,Couch,Couch,ON,Pat_43,Relax
1218,2008-12-04 07:12:10,Couch,Couch,ON,Pat_43,LeaveHouse
1219,2008-12-04 07:19:18,Frontdoor,Frontdoor,ON,Pat_43,Relax
1220,2008-12-04 07:19:18,Frontdoor,Frontdoor,ON,Pat_43,LeaveHouse
1221,2008-12-04 07:20:34,Frontdoor,Frontdoor,ON,Pat_43,Relax
1222,2008-12-04 07:20:34,Frontdoor,Frontdoor,ON,Pat_43,LeaveHouse
1223,2008-12-04 07:21:05,Frontdoor,Frontdoor,ON,Pat_43,Relax
1224,2008-12-04 07:21:05,Frontdoor,Frontdoor,ON,Pat_43,LeaveHouse
1225,2008-12-04 16:47:29,Frontdoor,Frontdoor,ON,Pat_43,Relax
1226,2008-12-04 16:47:29,Frontdoor,Frontdoor,ON,Pat_43,LeaveHouse
1227,2008-12-04 16:49:46,Couch,Couch,ON,Other_Activity,None
1228,2008-12-04 17:05:15,Freezer,Freezer,ON,Pat_127,PrepareDinner
1229,2008-12-04 17:05:34,Freezer,Freezer,ON,Pat_127,PrepareDinner
1230,2008-12-04 17:05:43,Microwave,Microwave,ON,Pat_142,None
1231,2008-12-04 17:06:52,Microwave,Microwave,ON,Pat_142,None
1232,2008-12-04 17:07:40,Microwave,Microwave,ON,Pat_142,None
1233,2008-12-04 17:07:43,Cutlery,Cutlery,ON,Pat_8,PrepareDinner
1234,2008-12-04 17:07:48,Cutlery,Cutlery,ON,Pat_8,PrepareDinner
1235,2008-12-04 17:08:04,Microwave,Microwave,ON,Other_Activity,None
1236,2008-12-04 17:08:36,Freezer,Freezer,ON,Pat_127,PrepareDinner
1237,2008-12-04 17:08:40,Freezer,Freezer,ON,Pat_127,PrepareDinner
1238,2008-12-04 17:08:45,Freezer,Freezer,ON,Other_Activity,None
1239,2008-12-04 17:08:49,Fridge,Fridge,ON,Pat_116,PrepareDinner
1240,2008-12-04 17:09:06,Saucepan,Saucepan,ON,Pat_116,PrepareDinner
1241,2008-12-04 17:09:13,Saucepan,Saucepan,ON,Pat_116,PrepareDinner
1242,2008-12-04 17:09:35,Fridge,Fridge,ON,Pat_61,PrepareDinner
1243,2008-12-04 17:09:37,Cutlery,Cutlery,ON,Pat_61,PrepareDinner
1244,2008-12-04 17:10:16,Fridge,Fridge,ON,Pat_61,PrepareDinner
1245,2008-12-04 17:12:02,Freezer,Freezer,ON,Pat_61,PrepareDinner
1246,2008-12-04 17:20:06,Fridge,Fridge,ON,Pat_116,PrepareDinner
1247,2008-12-04 17:20:13,Fridge,Fridge,ON,Pat_116,PrepareDinner
1248,2008-12-04 17:26:09,Saucepan,Saucepan,ON,Pat_116,PrepareDinner
1249,2008-12-04 17:26:29,Fridge,Fridge,ON,Pat_14,PrepareDinner
1250,2008-12-04 17:27:31,Fridge,Fridge,ON,Pat_14,PrepareDinner
1251,2008-12-04 17:27:34,Fridge,Fridge,ON,Pat_14,PrepareDinner
1252,2008-12-04 17:27:37,PlatesCupboard,PlatesCupboard,ON,Pat_76,PrepareDinner
1253,2008-12-04 17:29:37,Fridge,Fridge,ON,Pat_76,PrepareDinner
1254,2008-12-04 17:32:37,Fridge,Fridge,ON,Pat_76,PrepareDinner
1255,2008-12-04 17:32:42,Fridge,Fridge,ON,Pat_76,PrepareDinner
1256,2008-12-04 17:33:53,Cutlery,Cutlery,ON,Pat_8,PrepareDinner
1257,2008-12-04 17:33:54,Cutlery,Cutlery,ON,Pat_8,PrepareDinner
1258,2008-12-04 17:35:23,Couch,Couch,ON,Pat_73,Relax
1259,2008-12-04 17:35:23,Couch,Couch,ON,Pat_73,UseToiletDownstairs
1260,2008-12-04 17:40:00,Couch,Couch,ON,Pat_73,Relax
1261,2008-12-04 17:40:00,Couch,Couch,ON,Pat_73,UseToiletDownstairs
1262,2008-12-04 17:40:13,Couch,Couch,ON,Pat_73,Relax
1263,2008-12-04 17:40:13,Couch,Couch,ON,Pat_73,UseToiletDownstairs
1264,2008-12-04 17:45:08,Couch,Couch,ON,Pat_73,Relax
1265,2008-12-04 17:45:08,Couch,Couch,ON,Pat_73,UseToiletDownstairs
1266,2008-12-04 17:45:10,Couch,Couch,ON,Pat_73,Relax
1267,2008-12-04 17:45:10,Couch,Couch,ON,Pat_73,UseToiletDownstairs
1268,2008-12-04 19:28:49,ToiletDoorDownstairs,ToiletDoorDownstairs,ON,Pat_73,Relax
1269,2008-12-04 19:28:49,ToiletDoorDownstairs,ToiletDoorDownstairs,ON,Pat_73,UseToiletDownstairs
1270,2008-12-04 19:29:19,ToiletFlushDownstairs,ToiletFlushDownstairs,ON,Pat_73,Relax
1271,2008-12-04 19:29:19,ToiletFlushDownstairs,ToiletFlushDownstairs,ON,Pat_73,UseToiletDownstairs
1272,2008-12-04 19:35:34,Couch,Couch,ON,Pat_93,Relax
1273,2008-12-04 19:35:34,Couch,Couch,ON,Pat_93,LeaveHouse
1274,2008-12-04 19:35:39,Couch,Couch,ON,Pat_93,Relax
1275,2008-12-04 19:35:39,Couch,Couch,ON,Pat_93,LeaveHouse
1276,2008-12-04 19:37:27,Frontdoor,Frontdoor,ON,Pat_93,Relax
1277,2008-12-04 19:37:27,Frontdoor,Frontdoor,ON,Pat_93,LeaveHouse
1278,2008-12-04 19:39:43,Couch,Couch,ON,Pat_43,Relax
1279,2008-12-04 19:39:43,Couch,Couch,ON,Pat_43,LeaveHouse
1280,2008-12-04 19:41:33,Frontdoor,Frontdoor,ON,Pat_43,Relax
1281,2008-12-04 19:41:33,Frontdoor,Frontdoor,ON,Pat_43,LeaveHouse
1282,2008-12-04 19:42:49,Frontdoor,Frontdoor,ON,Pat_43,Relax
1283,2008-12-04 19:42:49,Frontdoor,Frontdoor,ON,Pat_43,LeaveHouse
1284,2008-12-04 19:44:01,Frontdoor,Frontdoor,ON,Pat_15,LeaveHouse
1285,2008-12-04 22:28:31,Frontdoor,Frontdoor,ON,Pat_15,LeaveHouse
1286,2008-12-04 22:35:10,PlatesCupboard,PlatesCupboard,ON,Pat_27,GetSnack
1287,2008-12-04 22:35:52,PlatesCupboard,PlatesCupboard,ON,Pat_27,GetSnack
1288,2008-12-04 22:35:56,Cutlery,Cutlery,ON,Pat_119,GetSnack
1289,2008-12-04 22:35:57,PlatesCupboard,PlatesCupboard,ON,Pat_119,GetSnack
1290,2008-12-04 22:35:59,Cutlery,Cutlery,ON,Pat_8,GetSnack
1291,2008-12-04 22:36:09,Cutlery,Cutlery,ON,Pat_8,GetSnack
1292,2008-12-04 22:36:18,Cutlery,Cutlery,ON,Pat_8,GetSnack
1293,2008-12-04 22:36:24,Cutlery,Cutlery,ON,Pat_8,GetSnack
1294,2008-12-04 22:36:27,Cutlery,Cutlery,ON,Pat_8,GetSnack
1295,2008-12-04 22:36:29,Cutlery,Cutlery,ON,Pat_8,GetSnack
1296,2008-12-04 22:36:32,Cutlery,Cutlery,ON,Pat_8,GetSnack
1297,2008-12-04 22:36:38,Cutlery,Cutlery,ON,Pat_8,GetSnack
1298,2008-12-04 22:36:50,Cutlery,Cutlery,ON,Pat_8,GetSnack
1299,2008-12-04 22:37:14,Cutlery,Cutlery,ON,Pat_8,GetSnack
1300,2008-12-04 22:37:51,Cutlery,Cutlery,ON,Pat_119,GetSnack
1301,2008-12-04 22:38:26,Cutlery,Cutlery,ON,Pat_119,GetSnack
1302,2008-12-04 22:38:27,Cutlery,Cutlery,ON,Pat_119,GetSnack
1303,2008-12-04 22:38:37,PlatesCupboard,PlatesCupboard,ON,Pat_119,GetSnack
1304,2008-12-04 22:38:50,CupboardCups,CupboardCups,ON,Pat_91,GetDrink
1305,2008-12-04 22:38:54,CupboardCups,CupboardCups,ON,Pat_91,GetDrink
1306,2008-12-04 22:39:55,CupboardCups,CupboardCups,ON,Other_Activity,None
1307,2008-12-04 22:40:52,Fridge,Fridge,ON,Pat_88,GetSnack
1308,2008-12-04 22:41:13,Saucepan,Saucepan,ON,Pat_88,GetSnack
1309,2008-12-04 22:44:24,Fridge,Fridge,ON,Pat_14,GetSnack
1310,2008-12-04 22:44:29,Fridge,Fridge,ON,Pat_14,GetSnack
1311,2008-12-04 22:44:37,Fridge,Fridge,ON,Pat_14,GetSnack
1312,2008-12-04 22:45:55,Couch,Couch,ON,Pat_4,Relax
1313,2008-12-04 23:56:10,Couch,Couch,ON,Pat_4,Relax
1314,2008-12-04 23:56:11,Couch,Couch,ON,Pat_4,Relax
1315,2008-12-05 02:00:06,Couch,Couch,ON,Pat_4,Relax
1316,2008-12-05 03:00:34,Couch,Couch,ON,Pat_4,Relax
1317,2008-12-05 03:01:55,ToiletDoorDownstairs,ToiletDoorDownstairs,ON,Pat_13,UseToiletDownstairs
1318,2008-12-05 03:02:37,ToiletDoorDownstairs,ToiletDoorDownstairs,ON,Pat_13,UseToiletDownstairs
1319,2008-12-05 03:03:03,ToiletFlushDownstairs,ToiletFlushDownstairs,ON,Pat_13,UseToiletDownstairs
1320,2008-12-05 03:05:43,PlatesCupboard,PlatesCupboard,ON,Other_Activity,None
1321,2008-12-05 03:11:24,BathroomDoor,BathroomDoor,ON,Pat_149,TakeMedication
1322,2008-12-05 03:11:24,BathroomDoor,BathroomDoor,ON,Pat_149,UseToiletUpstairs
1323,2008-12-05 03:11:26,BathroomDoor,BathroomDoor,ON,Pat_149,TakeMedication
1324,2008-12-05 03:11:26,BathroomDoor,BathroomDoor,ON,Pat_149,UseToiletUpstairs
1325,2008-12-05 03:11:51,SinkTop,SinkTop,ON,Pat_149,TakeMedication
1326,2008-12-05 03:11:51,SinkTop,SinkTop,ON,Pat_149,UseToiletUpstairs
1327,2008-12-05 03:11:56,SinkTop,SinkTop,ON,Pat_149,TakeMedication
1328,2008-12-05 03:11:56,SinkTop,SinkTop,ON,Pat_149,UseToiletUpstairs
1329,2008-12-05 03:11:58,SinkTop,SinkTop,ON,Pat_149,TakeMedication
1330,2008-12-05 03:11:58,SinkTop,SinkTop,ON,Pat_149,UseToiletUpstairs
1331,2008-12-05 03:13:28,Bathtub,Bathtub,ON,Pat_10,UseToiletUpstairs
1332,2008-12-05 03:13:32,Bathtub,Bathtub,ON,Pat_10,UseToiletUpstairs
1333,2008-12-05 03:13:34,Bathtub,Bathtub,ON,Pat_10,UseToiletUpstairs
1334,2008-12-05 03:14:20,SinkTop,SinkTop,ON,Other_Activity,None
1335,2008-12-05 03:14:48,BathroomDoor,BathroomDoor,ON,Pat_1,GoToBed
1336,2008-12-05 03:17:32,BedRight,BedRight,ON,Pat_1,GoToBed
1337,2008-12-05 03:17:34,BedRight,BedRight,ON,Pat_1,GoToBed
1338,2008-12-05 03:17:38,BedRight,BedRight,ON,Pat_1,GoToBed
1339,2008-12-05 03:17:40,BedRight,BedRight,ON,Pat_1,GoToBed
1340,2008-12-05 03:17:50,BedRight,BedRight,ON,Pat_1,GoToBed
1341,2008-12-05 03:17:53,BedRight,BedRight,ON,Pat_1,GoToBed
1342,2008-12-05 04:15:55,BedRight,BedRight,ON,Pat_1,GoToBed
1343,2008-12-05 04:16:03,BedRight,BedRight,ON,Pat_1,GoToBed
1344,2008-12-05 04:16:21,BedRight,BedRight,ON,Pat_1,GoToBed
1345,2008-12-05 04:16:22,BedRight,BedRight,ON,Pat_1,GoToBed
1346,2008-12-05 04:16:50,BedRight,BedRight,ON,Pat_1,GoToBed
1347,2008-12-05 04:16:51,BedRight,BedRight,ON,Pat_1,GoToBed
1348,2008-12-05 04:16:56,BedRight,BedRight,ON,Pat_1,GoToBed
1349,2008-12-05 04:17:08,BedRight,BedRight,ON,Pat_1,GoToBed
1350,2008-12-05 04:17:11,BedRight,BedRight,ON,Pat_1,GoToBed
1351,2008-12-05 04:17:20,BedRight,BedRight,ON,Pat_1,GoToBed
1352,2008-12-05 04:17:40,BedRight,BedRight,ON,Pat_1,GoToBed
1353,2008-12-05 04:17:45,BedRight,BedRight,ON,Pat_1,GoToBed
1354,2008-12-05 04:18:25,BedRight,BedRight,ON,Pat_1,GoToBed
1355,2008-12-05 04:18:27,BedRight,BedRight,ON,Pat_1,GoToBed
1356,2008-12-05 04:18:48,BedRight,BedRight,ON,Pat_1,GoToBed
1357,2008-12-05 04:25:17,BedRight,BedRight,ON,Pat_1,GoToBed
1358,2008-12-05 04:29:51,BedRight,BedRight,ON,Pat_1,GoToBed
1359,2008-12-05 04:30:46,BedRight,BedRight,ON,Pat_1,GoToBed
1360,2008-12-05 04:43:13,BedRight,BedRight,ON,Pat_1,GoToBed
1361,2008-12-05 04:43:14,BedRight,BedRight,ON,Pat_1,GoToBed
1362,2008-12-05 04:43:45,BedRight,BedRight,ON,Pat_1,GoToBed
1363,2008-12-05 04:43:46,BedRight,BedRight,ON,Pat_1,GoToBed
1364,2008-12-05 04:44:03,BedRight,BedRight,ON,Pat_1,GoToBed
1365,2008-12-05 04:44:06,BedRight,BedRight,ON,Pat_1,GoToBed
1366,2008-12-05 04:44:09,BedRight,BedRight,ON,Pat_1,GoToBed
1367,2008-12-05 04:44:14,BedRight,BedRight,ON,Pat_1,GoToBed
1368,2008-12-05 04:44:29,BedRight,BedRight,ON,Pat_1,GoToBed
1369,2008-12-05 04:44:39,BedRight,BedRight,ON,Pat_1,GoToBed
1370,2008-12-05 04:44:41,BedRight,BedRight,ON,Pat_1,GoToBed
1371,2008-12-05 04:44:42,BedRight,BedRight,ON,Pat_1,GoToBed
1372,2008-12-05 04:44:44,BedRight,BedRight,ON,Pat_1,GoToBed
1373,2008-12-05 04:44:46,BedRight,BedRight,ON,Pat_1,GoToBed
1374,2008-12-05 04:44:48,BedRight,BedRight,ON,Pat_1,GoToBed
1375,2008-12-05 04:44:53,BedRight,BedRight,ON,Pat_1,GoToBed
1376,2008-12-05 04:44:55,BedRight,BedRight,ON,Pat_1,GoToBed
1377,2008-12-05 04:45:03,BedRight,BedRight,ON,Pat_1,GoToBed
1378,2008-12-05 04:45:15,BedRight,BedRight,ON,Pat_1,GoToBed
1379,2008-12-05 04:45:18,BedRight,BedRight,ON,Pat_1,GoToBed
1380,2008-12-05 04:45:23,BedRight,BedRight,ON,Pat_1,GoToBed
1381,2008-12-05 04:45:27,BedRight,BedRight,ON,Pat_1,GoToBed
1382,2008-12-05 04:45:34,BedRight,BedRight,ON,Pat_1,GoToBed
1383,2008-12-05 04:45:38,BedRight,BedRight,ON,Pat_1,GoToBed
1384,2008-12-05 04:45:42,BedRight,BedRight,ON,Pat_1,GoToBed
1385,2008-12-05 04:45:45,BedRight,BedRight,ON,Pat_1,GoToBed
1386,2008-12-05 04:45:58,BedRight,BedRight,ON,Pat_1,GoToBed
1387,2008-12-05 04:46:00,BedRight,BedRight,ON,Pat_1,GoToBed
1388,2008-12-05 04:46:03,BedRight,BedRight,ON,Pat_1,GoToBed
1389,2008-12-05 04:46:08,BedRight,BedRight,ON,Pat_1,GoToBed
1390,2008-12-05 04:46:10,BedRight,BedRight,ON,Pat_1,GoToBed
1391,2008-12-05 04:46:12,BedRight,BedRight,ON,Pat_1,GoToBed
1392,2008-12-05 04:46:15,BedRight,BedRight,ON,Pat_1,GoToBed
1393,2008-12-05 04:46:16,BedRight,BedRight,ON,Pat_1,GoToBed
1394,2008-12-05 04:46:21,BedRight,BedRight,ON,Pat_1,GoToBed
1395,2008-12-05 04:46:24,BedRight,BedRight,ON,Pat_1,GoToBed
1396,2008-12-05 04:46:27,BedRight,BedRight,ON,Pat_1,GoToBed
1397,2008-12-05 04:46:29,BedRight,BedRight,ON,Pat_1,GoToBed
1398,2008-12-05 04:46:34,BedRight,BedRight,ON,Pat_1,GoToBed
1399,2008-12-05 04:46:37,BedRight,BedRight,ON,Pat_1,GoToBed
1400,2008-12-05 04:46:40,BedRight,BedRight,ON,Pat_1,GoToBed
1401,2008-12-05 04:46:43,BedRight,BedRight,ON,Pat_1,GoToBed
1402,2008-12-05 04:47:03,BedRight,BedRight,ON,Pat_1,GoToBed
1403,2008-12-05 04:47:06,BedRight,BedRight,ON,Pat_1,GoToBed
1404,2008-12-05 04:47:11,BedRight,BedRight,ON,Pat_1,GoToBed
1405,2008-12-05 04:47:18,BedRight,BedRight,ON,Pat_1,GoToBed
1406,2008-12-05 04:47:20,BedRight,BedRight,ON,Pat_1,GoToBed
1407,2008-12-05 04:47:31,BedRight,BedRight,ON,Pat_1,GoToBed
1408,2008-12-05 04:47:34,BedRight,BedRight,ON,Pat_1,GoToBed
1409,2008-12-05 04:47:53,BedRight,BedRight,ON,Pat_1,GoToBed
1410,2008-12-05 04:47:56,BedRight,BedRight,ON,Pat_1,GoToBed
1411,2008-12-05 04:48:01,BedRight,BedRight,ON,Pat_1,GoToBed
1412,2008-12-05 04:48:09,BedRight,BedRight,ON,Pat_1,GoToBed
1413,2008-12-05 04:48:11,BedRight,BedRight,ON,Pat_1,GoToBed
1414,2008-12-05 04:48:13,BedRight,BedRight,ON,Pat_1,GoToBed
1415,2008-12-05 04:48:16,BedRight,BedRight,ON,Pat_1,GoToBed
1416,2008-12-05 04:48:19,BedRight,BedRight,ON,Pat_1,GoToBed
1417,2008-12-05 04:48:21,BedRight,BedRight,ON,Pat_1,GoToBed
1418,2008-12-05 04:48:28,BedRight,BedRight,ON,Pat_1,GoToBed
1419,2008-12-05 04:48:30,BedRight,BedRight,ON,Pat_1,GoToBed
1420,2008-12-05 04:48:32,BedRight,BedRight,ON,Pat_1,GoToBed
1421,2008-12-05 04:48:34,BedRight,BedRight,ON,Pat_1,GoToBed
1422,2008-12-05 04:48:38,BedRight,BedRight,ON,Pat_1,GoToBed
1423,2008-12-05 04:48:44,BedRight,BedRight,ON,Pat_1,GoToBed
1424,2008-12-05 04:48:49,BedRight,BedRight,ON,Pat_1,GoToBed
1425,2008-12-05 04:48:53,BedRight,BedRight,ON,Pat_1,GoToBed
1426,2008-12-05 04:48:55,BedRight,BedRight,ON,Pat_1,GoToBed
1427,2008-12-05 04:48:58,BedRight,BedRight,ON,Pat_1,GoToBed
1428,2008-12-05 04:49:01,BedRight,BedRight,ON,Pat_1,GoToBed
1429,2008-12-05 04:49:06,BedRight,BedRight,ON,Pat_1,GoToBed
1430,2008-12-05 04:49:09,BedRight,BedRight,ON,Pat_1,GoToBed
1431,2008-12-05 04:49:12,BedRight,BedRight,ON,Pat_1,GoToBed
1432,2008-12-05 04:49:17,BedRight,BedRight,ON,Pat_1,GoToBed
1433,2008-12-05 04:49:22,BedRight,BedRight,ON,Pat_1,GoToBed
1434,2008-12-05 04:49:25,BedRight,BedRight,ON,Pat_1,GoToBed
1435,2008-12-05 04:49:27,BedRight,BedRight,ON,Pat_1,GoToBed
1436,2008-12-05 04:49:32,BedRight,BedRight,ON,Pat_1,GoToBed
1437,2008-12-05 04:49:34,BedRight,BedRight,ON,Pat_1,GoToBed
1438,2008-12-05 04:49:53,BedRight,BedRight,ON,Pat_1,GoToBed
1439,2008-12-05 04:49:56,BedRight,BedRight,ON,Pat_1,GoToBed
1440,2008-12-05 04:50:00,BedRight,BedRight,ON,Pat_1,GoToBed
1441,2008-12-05 04:50:03,BedRight,BedRight,ON,Pat_1,GoToBed
1442,2008-12-05 04:50:05,BedRight,BedRight,ON,Pat_1,GoToBed
1443,2008-12-05 04:50:09,BedRight,BedRight,ON,Pat_1,GoToBed
1444,2008-12-05 04:50:13,BedRight,BedRight,ON,Pat_1,GoToBed
1445,2008-12-05 04:50:15,BedRight,BedRight,ON,Pat_1,GoToBed
1446,2008-12-05 04:50:18,BedRight,BedRight,ON,Pat_1,GoToBed
1447,2008-12-05 04:50:22,BedRight,BedRight,ON,Pat_1,GoToBed
1448,2008-12-05 04:50:25,BedRight,BedRight,ON,Pat_1,GoToBed
1449,2008-12-05 04:50:27,BedRight,BedRight,ON,Pat_1,GoToBed
1450,2008-12-05 04:50:31,BedRight,BedRight,ON,Pat_1,GoToBed
1451,2008-12-05 04:50:33,BedRight,BedRight,ON,Pat_1,GoToBed
1452,2008-12-05 04:50:36,BedRight,BedRight,ON,Pat_1,GoToBed
1453,2008-12-05 04:52:45,BedRight,BedRight,ON,Pat_1,GoToBed
1454,2008-12-05 04:53:36,BedRight,BedRight,ON,Pat_1,GoToBed
1455,2008-12-05 05:01:47,BedRight,BedRight,ON,Pat_1,GoToBed
1456,2008-12-05 05:01:50,BedRight,BedRight,ON,Pat_1,GoToBed
1457,2008-12-05 05:01:52,BedRight,BedRight,ON,Pat_1,GoToBed
1458,2008-12-05 05:28:05,BedRight,BedRight,ON,Pat_1,GoToBed
1459,2008-12-05 05:28:26,BedRight,BedRight,ON,Pat_1,GoToBed
1460,2008-12-05 05:29:27,BedRight,BedRight,ON,Pat_1,GoToBed
1461,2008-12-05 05:29:49,BedRight,BedRight,ON,Pat_1,GoToBed
1462,2008-12-05 06:07:06,BedRight,BedRight,ON,Pat_1,GoToBed
1463,2008-12-05 06:07:08,BedRight,BedRight,ON,Pat_1,GoToBed
1464,2008-12-05 06:14:13,BedRight,BedRight,ON,Pat_1,GoToBed
1465,2008-12-05 06:14:39,BedRight,BedRight,ON,Pat_1,GoToBed
1466,2008-12-05 06:15:12,BedRight,BedRight,ON,Pat_1,GoToBed
1467,2008-12-05 06:16:41,BedRight,BedRight,ON,Pat_1,GoToBed
1468,2008-12-05 06:16:43,BedRight,BedRight,ON,Pat_1,GoToBed
1469,2008-12-05 06:16:45,BedRight,BedRight,ON,Pat_1,GoToBed
1470,2008-12-05 06:16:52,BedRight,BedRight,ON,Pat_1,GoToBed
1471,2008-12-05 06:16:55,BedRight,BedRight,ON,Pat_1,GoToBed
1472,2008-12-05 06:16:58,BedRight,BedRight,ON,Pat_1,GoToBed
1473,2008-12-05 06:17:03,BedRight,BedRight,ON,Pat_1,GoToBed
1474,2008-12-05 06:17:07,BedRight,BedRight,ON,Pat_1,GoToBed
1475,2008-12-05 06:17:09,BedRight,BedRight,ON,Pat_1,GoToBed
1476,2008-12-05 06:17:11,BedRight,BedRight,ON,Pat_1,GoToBed
1477,2008-12-05 06:17:14,BedRight,BedRight,ON,Pat_1,GoToBed
1478,2008-12-05 06:17:20,BedRight,BedRight,ON,Pat_1,GoToBed
1479,2008-12-05 06:17:24,BedRight,BedRight,ON,Pat_1,GoToBed
1480,2008-12-05 06:17:26,BedRight,BedRight,ON,Pat_1,GoToBed
1481,2008-12-05 06:17:27,BedRight,BedRight,ON,Pat_1,GoToBed
1482,2008-12-05 06:17:37,BedRight,BedRight,ON,Pat_1,GoToBed
1483,2008-12-05 06:17:42,BedRight,BedRight,ON,Pat_1,GoToBed
1484,2008-12-05 06:18:10,BedRight,BedRight,ON,Pat_1,GoToBed
1485,2008-12-05 06:18:14,BedRight,BedRight,ON,Pat_1,GoToBed
1486,2008-12-05 06:18:17,BedRight,BedRight,ON,Pat_1,GoToBed
1487,2008-12-05 06:18:22,BedRight,BedRight,ON,Pat_1,GoToBed
1488,2008-12-05 06:18:51,BedRight,BedRight,ON,Pat_1,GoToBed
1489,2008-12-05 06:18:54,BedRight,BedRight,ON,Pat_1,GoToBed
1490,2008-12-05 06:19:13,BedRight,BedRight,ON,Pat_1,GoToBed
1491,2008-12-05 06:19:42,BedRight,BedRight,ON,Pat_1,GoToBed
1492,2008-12-05 06:19:45,BedRight,BedRight,ON,Pat_1,GoToBed
1493,2008-12-05 06:19:50,BedRight,BedRight,ON,Pat_1,GoToBed
1494,2008-12-05 06:20:42,BedRight,BedRight,ON,Pat_1,GoToBed
1495,2008-12-05 06:20:46,BedRight,BedRight,ON,Pat_1,GoToBed
1496,2008-12-05 06:20:53,BedRight,BedRight,ON,Pat_1,GoToBed
1497,2008-12-05 06:21:15,BedRight,BedRight,ON,Pat_1,GoToBed
1498,2008-12-05 06:21:23,BedRight,BedRight,ON,Pat_1,GoToBed
1499,2008-12-05 06:21:41,BedRight,BedRight,ON,Pat_1,GoToBed
1500,2008-12-05 06:21:47,BedRight,BedRight,ON,Pat_1,GoToBed
1501,2008-12-05 06:21:53,BedRight,BedRight,ON,Pat_1,GoToBed
1502,2008-12-05 06:22:14,BedRight,BedRight,ON,Pat_1,GoToBed
1503,2008-12-05 06:27:25,BedRight,BedRight,ON,Pat_1,GoToBed
1504,2008-12-05 06:27:32,BedRight,BedRight,ON,Pat_1,GoToBed
1505,2008-12-05 06:27:41,BedRight,BedRight,ON,Pat_1,GoToBed
1506,2008-12-05 06:27:43,BedRight,BedRight,ON,Pat_1,GoToBed
1507,2008-12-05 06:27:55,BedRight,BedRight,ON,Pat_1,GoToBed
1508,2008-12-05 06:28:10,BedRight,BedRight,ON,Pat_1,GoToBed
1509,2008-12-05 06:28:13,BedRight,BedRight,ON,Pat_1,GoToBed
1510,2008-12-05 06:28:41,BedRight,BedRight,ON,Pat_1,GoToBed
1511,2008-12-05 06:28:45,BedRight,BedRight,ON,Pat_1,GoToBed
1512,2008-12-05 06:30:47,BedRight,BedRight,ON,Pat_1,GoToBed
1513,2008-12-05 06:42:19,BedRight,BedRight,ON,Pat_1,GoToBed
1514,2008-12-05 06:42:31,BedRight,BedRight,ON,Pat_1,GoToBed
1515,2008-12-05 06:42:44,BedRight,BedRight,ON,Pat_1,GoToBed
1516,2008-12-05 06:43:31,BedRight,BedRight,ON,Pat_1,GoToBed
1517,2008-12-05 06:44:54,BedRight,BedRight,ON,Pat_1,GoToBed
1518,2008-12-05 06:59:13,BedRight,BedRight,ON,Pat_1,GoToBed
1519,2008-12-05 06:59:29,BedroomDoor,BedroomDoor,ON,Other_Activity,None
